url,title,date,ingredients,steps
https://www.recetas.com/receta-de-Chocos-a-la-plancha-2164.html,Chocos a la plancha,,"Ingredientes 4 chocos medianos

8 dientes de ajo

Sal

Perejíl picado

Aceite de oliva

"," Chocos a la plancha

Preparacion:

Dejar reposar los chocos en una fuente cubierta con el ajo y el perejíl picado. Añadir una pizca de sal.

En una sartén en fuego suave, echar los chocos con la provensal. Cocinar a gusto."
https://www.recetas.com/receta-de-Salmon-con-crujiente-de-champinones-2165.html,Salmón con crujiente de champiñones,,"Ingredientes 4 filetes de salmón

Especias

1 Huevo

1/2 kg. de champiñones

"," Salmón con crujiente de champiñones

Colocar los filetes en una fuente, condimentarlos a gusto, salpimentar y agregar un poco de vino. Hornear 10 minutos.



Batir los huevos y mezclarlos con los hongos picados.



Retirar el salmón un poco crudo y añadirle la mezcla encima.



Colocar en el grill para terminar de cocinar.

Una vez listo, servir los filetes con la salsa encima."
https://www.recetas.com/receta-de-Bizcocho-de-yogurt-2135.html,Bizcocho de yogurt,,"3 huevos 1 yogurt natural o de limón 1 vaso de azúcar 2 vasos de harina 1 cda. de aceite Mantequilla 1 sobre de levadura

"," Bizcocho de yogurt

Batir los huevos con el azúcar.



Agregar de a poco el yogurt y seguir removiendo.



Añadir el aceite y luego, de a poco, la harina mezclada con la levadura.



Enmantecar una fuente y allí echar la preparación.



Hornear a 260ºC durante 1 hora aproximadamente."
https://www.recetas.com/receta-de-Pastel-de-melocoton-2136.html,Pastel de melocotón,,"1 lata de melocotón en almíbar1 paquete de bizcochos de soletilla (vainillas)2 latas de nata líquida

"," Pastel de melocotón

Escurrir el melocotón y cortarlo en un plato. Reservar el almíbar



Humedecer los pedazos de soletilla en el almíbar.



Formar una capa de soletillas en una fuente.



Batir la nata y echarla encima de lacapa de soletillas. Colocar los melocotones por encima.

Repetir la cantidad de veces deseada y refrigerar.

"
https://www.recetas.com/receta-de-Ganotes-de-huevo-2137.html,Gañotes de huevo,,"6 huevos 6 cdas. de azúcar 6 cdas. de anis 3 cdas. de aceite Harina

"," Gañotes de huevo

Batir los huevos con el azúcar, el anís y el aceite.



Ir agregando la harina poco a poco hasta que la masa tenga cuerpo.



Estirar la masa y cortarla verticalemente. Cortar rectángulos y enrollarlos en algun palo o rollo, uniendo dos de sus vértices. Freír."
https://www.recetas.com/receta-de-Tarta-de-turron-2138.html,Tarta de turrón,,"1 lt. de nata líquida1 tableta de turrón blando1 bizcochoLecheLicor de capuccino

"," Tarta de turrón

Trirurar el turrón y batirlo junto con la nata. Cortar en tres capas el bizcochuelo.

Encima de una de ellas, echarle la mezcla de la leche y el licor.

Colocar la otra capa y encima de ésta, la nata y el turrón.



Finalizar con la última capa de bizcochuelo.

Decorar a gusto y refrigerar."
https://www.recetas.com/receta-de-Pastel-de-trufa-de-Toscana-2139.html,Pastel de trufa de Toscana,,"1 lt. de nata2 barras de chocolate para fundir6 cdas. de azúcarGalletas de chocolateMantequilla

"," Pastel de trufa de Toscana

Derretir el chocolate a baño María.

Batir la nata y juntarla con el chocolate derretido y el azúcar.



Triturar las galletas y unirlas con la mantequilla hasta formar un granulado.

Volcar el preparado de galletas en una fuente y aplastarlo para formar una base.

Volcar la crema de chocolate y llevar a refrigerar.

Decorar a gusto.

"
https://www.recetas.com/receta-de-Compota-de-manzana-2140.html,Compota de manzana,,"6 cdas. de azúcar 1 rama de canela Agua1 cda. de ron

"," Compota de manzana

Limpiar, pelar y cortar en ocho las manzanas. Quitarles el centro.

Ponerlas a hervir cubiertas con agua y con la cuchara de ron, la canela y el azúcar.

Esperar que hiervan y dejar 20 minutos.

Retirar del fuego y volcar en recipiente o fuente. Servir la compota caliente o fría."
https://www.recetas.com/receta-de-Tarta-de-zanahoria-2141.html,Tarta de zanahoria,,"1/2 kg. de zanahorias200 gr. de coco rallado150 gr. de azúcar 8 mediasnochesSal

"," Tarta de zanahoria

Limpiar y pelar las zanahorias. Hervirlas con una pizca de sal. Luego, triturarlas en la batidora. Mezclar con el azúcar y el coco rallado.



Partir en tres partes horizontalmente las medias noches, de forma que queden más finas.



Colocar la mitad de ellas en la fuente y encima de esto echar el puré de zanahoria.

Formar otra capa de medias noches y de puré.



Finalizar este postre con puré de zanahorias y espolvorear con azúcar. Refrigerar hasta el momento de servir.

"
https://www.recetas.com/receta-de-Ensaimada-2142.html,Ensaimada,,"1 kg. de harina2 vasos de agua6 huevos350 gr. de azúcar 1 taza de aceite de oliva80 gr. de levadura prensada500 gr. de manteca de cerdo

"," Ensaimada

Diluir la levadura en 3 cucharadas de agua y mezclarla con la harina. Cubrir para que eleve.



Cuando duplique el volumen, incorporar todo el agua.

Echar en la mezcla el azúcar, la manteca y las yemas.

Dejar elevar nuevamente.



Luego de que haya aumentado el tamaño, echar el aceite, la manteca y amasar.

Estirar bien.



Enrollar y colocarla en la fuente con forma de espiral.

Dejar reposar durante medio día.



Hornear a 150ºC hasta que esté dorada.

Al servir, espolvorearle el azúcar glas."
https://www.recetas.com/receta-de-Almojabanas-2143.html,Almojábanas,,"1/2 kg. de harina 1 vaso de aceite 5 vasos de agua 6 huevos 2 y 1/2 vasos de azúcar Corteza de 1 limón

"," Almojábanas

En una olla, colocar dos vasos de agua, el aceite y medio vaso de azúcar.

Retirar cuando hierva.



Echar la harina y remover.

Colocar en el fuego esperando que la masa se desprenda de la fuente.

Retirar y agregar un huevo, esperar que se mimetize con la masa, luego el otro, y así suscesivamente.



Estirar la masa, cortarla en porciones y darle forma de círculo. Agujerear en el medio con un dedo. Hornear.



Para el almíbar, poner a hervir dos vasos de azúcar, tres de agua y la cáscara de limón. Dejar hervir por 5 minutos y retirar.

Esperar que se enfríe la almojábana y untar con el almíbar."
https://www.recetas.com/receta-de-Postas-de-pescado-al-tomate-2144.html,Postas de pescado al tomate,,"6 postas de merluza u otro pescado de carne firme 1 limón 1/2 vaso de vino blanco Sal Pimienta Aceite para freír 1 y 1/2 taza de pulpa de tomates 1 ramo de aromáticos 1 cda. de orégano seco desmenuzado 1/2 cdta. de azúcar molida

"," Postas de pescado al tomate

Lavar las postas de pescado, secarlas y aderezar con el jugo de limón, el vino blanco, la sal y la pimienta. Mantener en la heladera durante 20 minutos.

Pasar cada posta por harina y freír en aceite caliente hasta dorar la superficie. Escurrir y mantener al calor.

Hervir la pulpa de tomate en una cacerola agregando el ramo de aromáticos, el orégano, la sal y el azúcar.

Poner las postas de pescado en una cazuela o terrina ancha, bañar con la pulpa de tomate y llevar a horno caliente durante 10 minutos aproximadamente.

Servir caliente dentro de la misma cazuela."
https://www.recetas.com/receta-de-Dorada-a-la-Espalda-2145.html,Dorada a la Espalda,,," Dorada a la Espalda

Abrir las doradas y quitarle tripas y escamas. Salar.

En una sartén con aceite, colocar el pescado con la carne para abajo. Al estar dorado, retirar. Allí mismo, fritar el ajo.

Dar vuelta las doradas y echarlas en una fuente para hornear. Echar los ajos encima y la guindilla salteada.



Mezclar el aceite utilizado y el vinagre. También verterlo en la fuente.

Hornear diez minutos."
https://www.recetas.com/receta-de-Calamares-rellenos-al-vino-blanco-2146.html,Calamares rellenos al vino blanco,,"4 calamares frescos6 tomates2 cebollas1 diente de ajo200 gr. de jamón serrano a tacos1 vaso de vino blancoSal

"," Calamares rellenos al vino blanco

Limpiar los calamares y retirar las aletas. Saltearlas con jamón, cebolla y ajo.

Limpiar, pelar y triturar los tomates.

Tomar los calamares y rellenarlos con el sofrito hasta 374 partes de su capacidad. Cerrar la abertura con un palillo. Colocarlos en una fuente y echarle la salsa de tomate encima. Echar encima el vino.

Hornear a ciento ochenta grados centígrados, durante 20 minutos.

"
https://www.recetas.com/receta-de-Salmon-con-pisto-2147.html,Salmón con pisto,,,
https://www.recetas.com/receta-de-Pescado-hervido-en-mojo-2148.html,Pescado hervido en mojo,,"1 kg. de pescado blanco1 cabeza de ajo1 paquete de cominos pimienta rojaSal1 cda. de pimentónAceite1 vaso de vinagre

"," Pescado hervido en mojo

Salar y freír el pescado



Mezclar la pimienta, el ajo, los cominos y la sal. Triturar todo.



Luego agregarle el pimentón, el orégano, el aceite, vinagre y agua.



Echarlo encima del pescado acomodado en una fuente de horno.

Calentar durante diez minutos."
https://www.recetas.com/receta-de-Chipirones-en-su-tinta-2149.html,Chipirones en su tinta,,"2 kg. de chipirones 3 cebollas 1 tomate 1 cabeza de ajos Aceite de oliva Perejíl 1 cda de pimentón dulce 1/2 vaso de vino blanco 4 sobres de tinta de calamar

"," Chipirones en su tinta

Saltear el ajo y la cebolla junto con el pimentón.

Luego añadir el tomate y perejíl.



Más tarde, añadir el vino y esperar que evapore.

Agregar los chipirones y cocinar a fuego lento.



Echar las tintas.

Servir los chipirones con la salsa, con consistencia."
https://www.recetas.com/receta-de-Boquerones-en-vinagre-2150.html,Boquerones en vinagre,,"1/2 kg. de boquerones2 vasos de vinagre de Jerez4 cucharaditas de sal1 vaso de agua3 dientes de ajo Perejil picadoAceite de oliva

"," Boquerones en vinagre

Limpiar bien los boquerones, quitándoles la cabeza y las espinas. Separando los dos lomos, se lavan muy bien en agua fría. Se escurren y en un recipiente se preparan el vinagre, el agua y la sal moviendo bien hasta que la sal se haya disuelto.

Echar en el líquido un lomo de boquerón y comprobar si flota en medio, lo que indicará el punto exacto de sal y vinagre. Si lo hace en la superficie, tiene exceso de sal. Si se hunde, tiene exceso de vinagre.

Corregir la mezcla y una vez que se ha hecho, se coloca el resto, se tapa el recipiente y se deja macerar en la nevera de 24 a 48 horas.

Para servirlos, se lavan bien en agua fría, se colocan en una fuente y se cubren con los ajos y el perejil picados, y con el aceite.

También se pueden servir sobre rebanadas de pan tostado y untado de ajo.

"
https://www.recetas.com/receta-de-Truchas-al-oregano-con-limon-2151.html,Truchas al orégano con limón,,"Ingredientes 4 truchas

Sal

Orégano

Tomate

Aceite

Limón

Perejíl

"," Truchas al orégano con limón

Saltear unos minutos el tomate.

Quitarle las espinas al pescado y abrirlo al medio.

Colocarlos en una fuente junto con el tomate. Espolvorear una pizca de sal y orégano.Agregar tambien el perejíl bien picado, el limón en rebanadas y un chorrito de aceite.



Hornear quince minutos."
https://www.recetas.com/receta-de-Lubina-a-la-sidra-2152.html,Lubina a la sidra,,"2 kg. de lubina3 dientes de ajoPerejílAceite de oliva1 vaso de sidraHarinaSalFumet

"," Lubina a la sidra

Rehogar la cebolla junto con el ajo y el perejíl.



Enharinar el pescado e incorporarlo a la sartén.



Agregar el fumet y la sidra.

Cocinar 10 minutos a fuego alto, y luego bajar el fuego hasta que el pescado esté cocido y la salsa se haya reducido."
https://www.recetas.com/receta-de-Pate-de-marisco-2153.html,Paté de marisco,,"1 lata de mejillones1 lata de anchoas en aceite1 lata de atún en aceite3 quesitos3 colas de cangrejo

"," Paté de marisco

Colocarlos mejillones, las anchoasy el atún en un recipiente o procesadora y triturar.

Mezclar con los quesos. Condimentar a gusto con sal y pimienta.

Reservar al frío y utilizarlo para untar tostadas o pan de campo."
https://www.recetas.com/receta-de-Caracoles-a-la-espanola-2154.html,Caracoles a la española,,"2 kg. de caracoles3 cebollas medianas2 ajíes1 lata de tomates1 cda. de pimentón español2 dientes de ajoSal y pimienta a gusto2 chorizos colorados3 rebanadas de panceta ahumada Laurel y tomillo1 hoja de laurel1/2 guindilla2 cdas. de azúcar1 vaso de tomate crudo triturado1 lata de tomate fritoAceite de oliva virgenSal

"," Caracoles a la española

Purgar los caracoles colocándolos en un recipiente grande con algunas hojas de verduras y unos puñados de harina de maíz. Dejarlos así 48 horas.

Lavarlos en agua tibia con sal y vinagre varias veces (debe tenerse especial cuidado en el lavado de los caracoles).

Luego colocarlos en una olla grande con agua apenas tibia, sal y algunas verduritas, llevar a fuego suave, a medida que el agua se calienta, los caracoles saldrán de sus valvas, en ese punto, darles fuego fuerte y cocinarlos 15 minutos aproximadamente, luego sacarlos, dejarlos escurrir en el colador de las pastas y colocarlos en la siguiente salsa:



Poner media taza de aceite en una cazuela, agregar las cebollas cortadas en rodajas finas, dejar dorar ligeramente, agregar el ají en tiras, el laurel y el tomillo, dejar hervir unos minutos y añadir los chorizos cortados en rebanadas y la panceta en tiras, los ajos picados y por último los caracoles, tapar la cazuela y continuar la cocción a fuego suave por 20 minutos más.

Servir inmediatamente en cazuelitas individuales, previamente calentadas. Acompañar con trozos de galleta marinera.

"
https://www.recetas.com/receta-de-Pescado-en-escabeche-2155.html,Pescado en escabeche,,"Ingredientes 1 kg. de pescado

2 cabezas de ajo

30 granos de pimienta

Rebanadas de pan

Tomillo

Laurel

Pimentón

Vinagre

Sal

"," Pescado en escabeche

Cortar el pescado en trozos regulares.

Freír las rebanadas de pan.



Sellar el pescado. Una vez listo, retirarlo y colocarlo en una cazuela.

Triturar el pan y mezclarlo con el tomillo, pimentón, sal y el ajo picado.



Echar esta mezcla en la sartén con el aceite que sobró.

Añadir el vinagre, la pimienta y el laurel.



Colocar en la cazuela donde esta el pescado y servir todo junto."
https://www.recetas.com/receta-de-Marmitako-2156.html,Marmitako,,"Ingredientes 600 gr. de bonito

500 gr. de patatas

1 cebolla

6 pimientos verdes

25 cl. de salsa de tomate

1 cda. de perejíl

1 hoja de laurel

Caldo de pescado

"," Marmitako

Rehogar el pimiento y la cebolla.

Agregar las patatas cortadas, la hoja de laurel y el perejíl.



Diez minutos más tarde, echar el bonito en trozos y el tomate.

Salpimentar y esperar que hierva la cocción o que se tiernice el pescado."
https://www.recetas.com/receta-de-Lubina-gourmet-2157.html,Lubina gourmet,,"300 gr. de lubina180 gr. de endivias2 dl. de aceite de olivaJugo de 2 limones30 gr. de higos secos

"," Lubina gourmet

Rebanar los higos y dejarlos reposar en aceite.



Verter la mitad del aceite en una sartén, colocar el pez y encima el limón.

Cocinar durante 10 minutos.



Rebanar la endivia, aceitarla, poner un poco de jugo de limón y salpimentar.

Servir la lubina acompañada con los higos y las endivias."
https://www.recetas.com/receta-de-Bacalao-a-la-vizcaina-2158.html,Bacalao a la vizcaina,,," Bacalao a la vizcaina

Hervir el pescado durante 5 minutos.

Limpiar y quitarle las espinas.

Enharinar y fritar.



En otro aceite, saltear el pimiento y la cebolla, ambos picados. Anexar los tomates.

Triturar las almendras junto con el perejíl y los ajos.

Colocar todas las preparaciones en una olla y hervir otros 5 minutos."
https://www.recetas.com/receta-de-Bacalao-a-la-muselina-2159.html,Bacalao a la muselina,,"800 gr. de bacalao1 vaso de tomate triturado8 cdas. de mayonesa10 dientes de ajoAceite de olivaSal

"," Bacalao a la muselina

Pasar por harina el bacalao cortado en cuatro trozos y rehogarlo con un poco de aceite.

Saltear el tomate con una pizca de pimienta.

Colocar los ajos en una sartén aceitada.

Pisar los ajos hasta hacer puré.

Mezclarlo con la mayonesa.



En un recipiente, echar primero el tomate, encima poner el pescado y finalizar con el puré de ajos .Hornear de 15 a 20 minutos y servir."
https://www.recetas.com/receta-de-Merluza-al-cava-2160.html,Merluza al cava,,"1 y 1/2 kg. de merluza 1 centollo 1 botella de cava o champagne Sal Pimienta Aceite

"," Merluza al cava

Abrir los filetes. Untarlos con aceite, colocarlos en una fuente para horno.

Subir el horno a 200ºC.



Cortar en dos el centollo y colocarlo encima del pescado.

Bañar todo con la cava. Salpimentar y hornear durante 20 minutos.

Servir caliente."
https://www.recetas.com/receta-de-Paella-de-percebes-y-almejas-2161.html,Paella de percebes y almejas,,"250 gr. de percebes250 gr. de almejas babosas250 gr. de mejillones12 langostinos250 gr. de guisantes100 gr. de jamón serrano cebolla grande2 tomates1 ajo1 hoja de laurel3 tazas de arroz100 cc. de aceite de oliva virgenHebras de azafránSal

"," Paella de percebes y almejas

Colocar agua en una olla y llevar a ebullición.

Luego colocar los percebes, una pizca de sal y el laurel.



Saltear los tomates, la cebolla y el ajo con el aceite (todo esto picado).

Luego, agregar las almejas y el jamón.

Remover constantemente.



Colar el agua y abrir los percebes.

Pelarlos y echar en la cocción.



Más tarde, añadir el arroz y seis tazas del caldo.

Cinco minutos después, anexar los mejillones, los guisantes, los langostinos, las hierbas y una pizca de sal.

Remover constantemente.

Esperar que hierva.



Cuando se evapore todo el líquido, apagar el fuego y esperar que se cocine 10 minutos con la tapa encima."
https://www.recetas.com/receta-de-Pez-espada-guisado-2162.html,Pez espada guisado,,"1/2 vaso de aceite de oliva 2 y 1/2 cebollas 3 dientes de ajo 4 rodajas de pez espada (limpias) 1 vaso grande de vino blanco Perejíl 1 hoja de laurel Sal Pimienta

"," Pez espada guisado

Saltear la cebollas y los dos dientes de ajo en una olla con aceite.

Agregar las rodajas de pez espada. Agregar el vino y salar. Cubrir con 1 taza de agua o caldo.

Dejar cocinar unos 20 minutos afuego suave, hasta que se evapore gran parte del líquido y obtener el punto deseado del pescado."
https://www.recetas.com/receta-de-Pan-de-calatrava-2129.html,Pan de calatrava,,,
https://www.recetas.com/receta-de-Bizcocho-de-soletilla-2130.html,Bizcocho de soletilla,,"6 huevos100 gr. de harina 100 gr. de maicena125 gr. de azúcar

"," Bizcocho de soletilla

Llevar las claras a punto de nieve con la mitad del azúcar. Con el resto, batir las yemas.



Juntar estas dos preparaciones y mezclar en forma envolvente.

Añadir la maicena y la harina.

Hornear a 180ºC hasta que se vea dorado."
https://www.recetas.com/receta-de-Brazo-gitano-pastelero-2132.html,Brazo gitano pastelero,,"5 claras de huevo 100 gr. de azúcar 1 sobre de levadura 2 yemas 100 gr. de harina Crema pastelera

"," Brazo gitano pastelero

Batir las cinco claras a punto nieve e ir agregando de a poquito los ingredientes en el siguiente orden: azúcar, levadura, harina y yemas.

Mezclar bien hasta que la consistencia sea homogénea. Colocar en una placa enmantecada y llevar a horno fuerte.

Una vez retirado del horno, cubrir el pionono con un repasador, enrollar durante algunos minutos y luego estirar.

Una vez que se haya enfriado, proceder con el rellenado de crema pastelera y el enroscado.

Mantener en la nevera hasta servir para que el relleno se endurezca."
https://www.recetas.com/receta-de-Flan-de-pina-2133.html,Flan de piña,,"1 lata de piña al natural1 sobre de gelatina de limón 1 pote de crema de leche nata líquidaCaramelo líquido

"," Flan de piña

Hervir el almibar de la piña.

Incorporarle la gelatina y esperar que hierva unos minutos.

Enfriar.



Colocar en un recipiente la preparación en pedacitos, la piña y la crema.

Batir.



Untar un molde con el caramelo, y encima colocar la mezcla.

Dejar en la heladera hasta el momento de servir."
https://www.recetas.com/receta-de-Sopa-de-pescado-con-mayonesa-2101.html,Sopa de pescado con mayonesa,,"500 gr. de rape 500 gr. de gambas 250 gr. de almejas 250 gr. de guisantes 1 pimiento 1 morrón en conserva 1 zanahoria 1 cebolla 1 limón 9 granos de pimienta Laurel Sal Aceite de oliva 1 huevo Sal

"," Sopa de pescado con mayonesa

Echar un litro de agua en una cacerola y poner a hervir la cebolla y la zanahoria condimentada con un poco de laurel, limón, pimienta y una pizca de sal.

Esperar veinte minutos y agregar el rape. Cocinar un cuarto de hora más.

Aparte, llevar el agua a ebullición y cocinar allí las gambas. Mezclar las gambas cortadas (solamente la cola) con el ajo picado.

Hervir también las almejas, en una olla tapada.

Cocinar los guisantes desgranados durante media hora.



Trozar el pimiento en cuadritos

Trozar el rape cocido y retirar las espinas



Colar todos los caldos y juntarlos.

Luego echar todo junto, las gambas, almejas, rape, guisantes y el pimiento cortado.



Mezclar la mayonesa en el caldo.

Servir bien caliente."
https://www.recetas.com/receta-de-Sopa-de-menudillos-2102.html,Sopa de menudillos,,"1 litro de caldo1 higadito y menudillos de gallina 2 huevos duros150 gr. de pan3 ramitas de perejíl

"," Sopa de menudillos

Poner a hervir un cuarto litro de caldo y allí colocar el higadito y el menudillo.



Rebanar los huevos y el pan.

Picar la carne.

Tostar el pan.



Llevar a ebullición lo que queda de caldo y agregar el menudillo, higado, pan, perejíl y huevo.



Luego de cinco minutos, servir."
https://www.recetas.com/receta-de-Sopa-con-tomillo-2103.html,Sopa con tomillo,,"1 ramillete de tomillo 250 gr. de pan de hogazaAceite de oliva1 litro de agua2 huevosSal

"," Sopa con tomillo

Poner a calentar una olla con agua. Echar el pan rebanado, el tomillo y una pizca de sal. Tapar y hervir diez minutos.

Batir todo, añadiendo un chorro de aceite. Cocinar durante un cuarto de hora más.

Quitar los ramilletes y agregar los huevos batidos. Remover.

Servir luego de unos minutos."
https://www.recetas.com/receta-de-Caldo-de-pimenton-2104.html,Caldo de pimentón,,"1/2 kg. de sardinas2 pimientos verdes gruesos tomates maduros3 dientes de ajo2 pimientos secos6 cominos1 cdita de pimentónAceite de oliva1 litro de aguaSal4 granos de pimienta

"," Caldo de pimentón

Limpiar y salar el pescado.

Pelar y asar los ajos, junto con los pimientos.



Poner a hervir los tomates y pimientos secos.

Cuando tiernize retirar, pelar y sacar la semilla, y echar el pescado.

Cocinar un cuarto de hora.



Mezclar los ajos, pimienta y cominos con un poco de pimentón, los pimientos secos y los tomates. Triturar toda esta mezcla y echar un poco de aceite.



Echarlo en una olla junto con los pimientos verdes, esperar que hierva y servir."
https://www.recetas.com/receta-de-Porra-antequerana-2105.html,Porra antequerana,,"1/2 kg. de pan1/4 litro de aceite de oliva5 dientes de ajo1/2 kg. de tomates maduros3 cdas. de vinagre Sal3 huevos duros150 gr. de taquitos de jamón

"," Porra antequerana

Pelar y picar los ajos y tomates.

Juntar con la cascara del pan (previamente remojada).

Agregar el aceite y vinagre, y mezclar.

Picar los huevos y el jamón.

Servir la preparación con el huevo yel jamón por encima."
https://www.recetas.com/receta-de-Ajo-blanco-con-uvas-2106.html,Ajo blanco con uvas,,"250 gr. de almendras 2 dientes de ajo150 gr. de migas de pan1 tacita y media de aceite de oliva1 cda. sopera de vinagre de jerez1 litro de agua muy fría1/2 g. de uva moscatelSal

"," Ajo blanco con uvas

Poner a hervir un poco de agua y colocar unos minutos las almendras.

Retirarlas y quitarles la piel.

Triturarlas, y mezclar con la miga de pan humedecida, y los ajos. Sala.

Echar un poco de aceite, vinagre y agua y llevar a refrigerar.

Al momento de servir, pelar las uvas y quitarle las semillas.

Servir la sopa fría y encima las uvas."
https://www.recetas.com/receta-de-Salsa-tzatziki-2107.html,Salsa tzatziki,,"1 pote de yogur griego (o natural)3 dientes de ajo1/2 pepino2 cdas. de aceite2 cdas. de zumo de limón Sal y pimienta

"," Salsa tzatziki

Preparación:

Rallar el pepino y el ajo. Mezclarlos con el yogurt. Añadir el limón y batir.



Incorporar el aceite y seguir batiendo hasta tener una emulsión homogénea.

Salpimentar y utilizar o reservar en la nevera hasta el momento de utilizar."
https://www.recetas.com/receta-de-Salsa-de-cangrejo-2108.html,Salsa de cangrejo,,," Salsa de cangrejo

Batir el huevo agregando de a poco el aceite.



Cuando toma consistencia, echar una pizca de sal y un chorrito de jugo de limón. (Se habrá formado una mayonesa).

Incorporar los huevos duros picados y las colas de cangrejo. Triturar bien y reservar al frío hasta el momento de utilizar."
https://www.recetas.com/receta-de-Salsa-de-cabrales-2109.html,Salsa de cabrales,,"150 gr. de queso de cabrales (si no consigue utilice queso azul)4 cdas. soperas de coñac Harina1 tazas de agua1 pastilla de avecrem1 brik de nata de cocina

"," Salsa de cabrales

Colocar en el agua la pastilla y poner a hervir.



Diluir la manteca y mezclar con harina.

Agregar el coñac a esta mezcla.

Flambearlo.



Echar el queso y mezclar.

Agregar el agua y la nata.

Remover."
https://www.recetas.com/receta-de-Salsa-de-cacao-2110.html,Salsa de cacao,,,
https://www.recetas.com/receta-de-Salsa-de-roquefort-2111.html,Salsa de roquefort,,," Salsa de roquefort

Colocar en una olla la nata y el roquefort picado.

Cocinar a fuego lento, removiendo constantemente.

Una vez que se haya fundido, subir el fuego para que tome consistencia.

Sin que se queme el queso, cocinar durante unos minutos. Retirar y utilizar."
https://www.recetas.com/receta-de-Solomillo-al-roquefort-2112.html,Solomillo al roquefort,,"200 gr. de queso roquefort1 kg. de solomillo500 ml. de nata liquidaAjo en polvoHojas de yerba buena

"," Solomillo al roquefort

Cocinar en fuego suave la nata junto con el roquefort trozado.

Remover hasta que se forme una salsa homogénea.

Bajar el fuego y dejar espesar.



Saltear con un poco de aceite, el solomillo condimentado con el orégano, ajo y yerba buena.



Luego de unos minutos, echar la salsa encima y cocinar otros cinco minutos."
https://www.recetas.com/receta-de-Salsa-agridulce-2113.html,Salsa agridulce,,,
https://www.recetas.com/receta-de-Mojo-picon-canario-2114.html,Mojo picón canario,,"1 cabeza de ajo pimienta roja seca2 pimientos rojos1 cdita. de oregano1 hoja de laurel 1 cdita. de tomillo 1 pizca de comino1/2 litro de aceite de oliva3 cdas. de vinagre blancoSal

"," Mojo picón canario

Preparación:

Hervir cinco minutos la pimienta.

Abrir y quitarle el centro.



Mezclar los pimientos, el orégano, el laurel, el tomillo y el comino. Triturar.

Añadir aceite y vinagre y remover bien, hasta tener una preparación homogénea."
https://www.recetas.com/receta-de-Postre-de-pina-2115.html,Postre de piña,,"Ingredientes 1 gelatina sabor piña

1 piña cortada

1 pote de nata

2 cdas. de azúcar

2 kiwis



"," Postre de piña

Colocar la piña pelada y cortada encubos, en una olla con media taza de agua.

Hervir durante un cuarto de hora.



Prepara la gelatina, pero sin refrigerar.

Mezclar con la nata.



Luego añadir la piña cortada hervida y mezclar bien.

Refrigerar media hora.

pelar los kiwis, cortarlos en rodajas y cubir el postre con ellas."
https://www.recetas.com/receta-de-Bizcocho-de-calabaza-2116.html,Bizcocho de calabaza,,"1 kg. de calabaza cocidaAceite1 vaso de harina1 y 1/2 vaso de azúcar3 huevos1 levadura1 sobre de flan

"," Bizcocho de calabaza

Hervir la calabaza con poca agua.

Cuando este tierna, hacer un puré.



Mezclar el puré con la harina, azúcar, huevos, flan y levadura.

Remezclar bien y agregar aceite.



Enmantecar un molde, colocar allí la preparación y hornear durante 20 minutos (o hasta que introduciendo un palillo en el centro del bizcocho, este salga seco) en horno moderado."
https://www.recetas.com/receta-de-Orellas-2117.html,Orellas,,"Harina1 vaso de anís 1 vaso de aguaAceite1 flan4 huevos

"," Orellas

Juntar el anís, el agua, el flan, los huevos y el aceite.

Mezclar bien.



Agregar harina suficiente como para formar una masa tierna. Dejar reposar.

Estirar la masa y cortar.

Freír en aceite caliente hasta dorar, escurrir sobre papel absorvente y espolvorear con azúcar."
https://www.recetas.com/receta-de-Trufas-de-ron-2118.html,Trufas de ron,,,
https://www.recetas.com/receta-de-Flan-de-cafe-2119.html,Flan de café,,,
https://www.recetas.com/receta-de-Tarta-helada-de-whisky-2120.html,Tarta helada de whisky,,"Para la cobertura: 3 yemas 1 huevo 150 gr. de agua 150 gr. de azúcar 2 hojas de gelatina Azúcar moreno para espolvorear y quemar

150 gr. de azúcar 4 huevos 80 gr. de leche 1 sobre de gelatina neutra 50 cc. de whisky 600 gr. de nata 1 base de bizcocho

"," Tarta helada de whisky

Montar la nata con 50 gr. del azúcar y reservar en la nevera.

Montar las claras a punto de nieve fuerte con 50 gr de azúcar y reservar en la nevera.

Hacer un almíbar liviano con el vaso de agua y 100 gr. de azúar.

Una vez obtenido el punto, añadir el whisky y mezclar.

Poner la gelatina en remojo en medio vaso de leche.

Licuar la leche, las yemas y 50 gr. de azúcar, a continuación añadir el whisky y la gelatina, batir 2 segundos para emulsionar todo y dejar templar, hasta que casi enfríe por completo.

Añadirla nata, y a continuación las claras montadas, mezclar suavemente para que no se baje.

Preparar la base de bizcocho en un aro o molde desmontable. emborrachado con el almíbar, volcar la crema preparada y nivelar con una espátula, llevar al refrigerador durante un par de horas.

Mientras tanto, preparar la cobertura procesando todos los ingredientes menos la gelatina, que se remojará con agua fría, calentándola después hasta diluir. Dejar templar, mezclar con la cobertura y echar por encima a la tarta.

Refrigerar un rato más y a continuación espolvorear con azúcar moreno. Quemar con ayuda de un soplete, (si no se posee, dejar sin quemar).

Meter en el congelador hasta el día siguiente, sacar una hora antes, dejar a temperatura ambiente hasta que se pueda desmoldar, una vez quitado el molde, introducir en la nevera hasta la hora de servir.

"
https://www.recetas.com/receta-de-Helado-de-platanos-2121.html,Helado de platanos,,"1/2 k de plátanos1 lata de leche concentrada6 cdas de azúcar1 cdita de canela molidaJugo de medio limón

"," Helado de platanos

Hacer puré los platanos y mezclar con el jugo, la canela, el azúcar y la leche.

Una vez que este bien removida, colocar en una fuente y regriferar."
https://www.recetas.com/receta-de-Tarta-de-Mondonedo-2122.html,Tarta de Mondoñedo,,"200 gr. de hojaldre200 gr. de cabello de ángel200 gr. de almendra molida gruesa300 gr. de azúcar1 vaso de agua4 huevos4 cdas.de harina4 cdas. de azúcar½ vaso de almíbar higos confitados6 cerezas en almíbar1/2 vaso de almíbar cerezas en almíbar

"," Tarta de Mondoñedo

Con los huevos, la harina y las cuatro cucharadas de azúcar hacer un bizcocho corriente, cociéndolo en un molde redondo donde después se va a hacer la tarta; una vez cocido se desmolda y se remoja con medio vaso de almíbar.



Con el azúcar y el agua se hace un almíbar a punto de hebra fina donde se pone a cocer la almendra unos cinco minutos.

Con la pasta de hojaldre se cubre un molde redondo, desmoldable.

Se coloca encima el bizcocho, luego el cabello de ángel y por último la almendra.



Se adorna con tiritas de hojaldre formando un enrejado y se mete la tarta al horno hasta que esté cocido el hojaldre.



Se deja enfriar, se desmolda y se adorna con cerezas y con higos confitados.

"
https://www.recetas.com/receta-de-Macedonia-de-frutas-2123.html,Macedonia de frutas,,,
https://www.recetas.com/receta-de-Postre-de-naranja-2124.html,Postre de naranja,,"5 naranjas 50 gr. de harina 5 huevos (separar las yemas de las claras) 150 gr. de azúcar 1 cda. sopera de licor de naranja (opcional) Un puñado de nueces (opcional)

"," Postre de naranja

En un cazo, mezclar las yemas con la harina, el azúcar y la ralladura de una naranja.

Poner a fuego suave y desleír con el zumo de naranja.

Dejar unos minutos a fuego suave sin dejar de remover.

Dejar enfriar y añadir el licor.

Incorporar las claras a punto de nieve y opcional, un puñado de nueces."
https://www.recetas.com/receta-de-Tarta-de-moras-2125.html,Tarta de moras,,"100 gr. de mantequilla 150 gr. de harina 30 gr. de azúcar glas1/2 lt. de leche 6 yemas de huevo Canela en rama90 gr. de azúcar1 cda. sopera de maizenaMorasConfitura de moras

"," Tarta de moras

Mezclar el azúcar glas, la manteca y la harina, formando un bollo.



Estirar sobre una tartera y hornear esta masa durante 10 minutos.



Mezclar la canela y la leche. Hervir. Dejar que tome temperatura ambiente y añadir el azúcar, las yemas y la maizena.

Volcar sobre la masa previamente horneada y continuar la cocción un cuarto de hora.



Al finalizar la cocción, colocar las moras y la confitura de moras por encima."
https://www.recetas.com/receta-de-Coquitos-de-leche-condensada-2126.html,Coquitos de leche condensada,,"250 gr. de coco rallado6 cdas. de leche condensada Coco rallado para la cubierta

"," Coquitos de leche condensada

Diluir el coco rallado en la leche.



Cuando esto tome consistencia, darle forma de bolita.



Pasarlo por el coco que se tiene aparte.



Colocar en moldecitos o en una placa y refrigerar."
https://www.recetas.com/receta-de-Torta-de-aceite-de-oliva-2127.html,Torta de aceite de oliva,,"1 taza de aceite de oliva1 taza de azúcar1 taza de leche3 tazas de harina25 gr. de levadura 2 cdas. de matalahúva ( anís en grano)1/2 cdita. de canela en polvoCáscara de limón

"," Torta de aceite de oliva

Colocar la cáscara de limón unos minutos en la sartén con aceite.

Retirarla, añadir el anís y dejarlo muy poco tiempo.



Quitar el aceite del fuego y echarlo en un bol.

Añadir la leche, el azúcar, la harina junto con la levadura y la canela. En ese orden y removiendo constantemente.



Aceitar un molde y echar allí la mezcla, espolvorear con azúcar por encima.

Hornear 40 minutos a calor moderado."
https://www.recetas.com/receta-de-Bizcocho-con-frutas-y-nueces-2128.html,Bizcocho con frutas y nueces,,"2 huevos 1 vaso de azúcar 1 vaso de aceite de girasol 1 vaso de leche 2 y 1/2 vasos de harina 25 gr. de levadura 150 gr. de frutas escarchadas 50 gr. de nueces a la mitad Piñones

"," Bizcocho con frutas y nueces

Preparación:



En un recipiente, batir los huevos y el azúcar junto con el aceite y la leche.

Espolvorear la harina y mezclarla con la levadura y la preparación.

Finalmente, echar los piñones, las frutas y las nueces.

Enmantecar y enharinar un molde y ahí echar la preparación.



Hornear unos 45 minutos a calor moderado.

"
https://www.recetas.com/receta-de-Sopa-del-caldo-2092.html,Sopa del caldo,,,
https://www.recetas.com/receta-de-Sopa-de-legumbres-2093.html,Sopa de legumbres,,"1/2 taza de perejíl picado1/2 de cilantro1/2 hojas de apio cebolla rallada tomates maduros picados1 taza de garbanzos cocidos1 taza de lentejas250 gr. de ternera a trocitos pequeños

"," Sopa de legumbres

Saltear la carne, la cebolla y el tomate en un poco de aceite.



Agregar los condimentos: perejíl, comino, apio y cilantro. Remover e incorporar los garbanzos y las lentejas.

Salpimntar. Agregar agua a la cocción y cocinar media hora."
https://www.recetas.com/receta-de-Sopa-de-pescado-2094.html,Sopa de pescado,,"1/2 kg. de pescadilla1 zanahoria1 puerro1 cebollaAceiteSal tomates triturados200 gr. de gambas250 gr. de almejas limpias2 litros de agua

"," Sopa de pescado

Poner a hervir la zanahoria, el puerro, la pescadilla y una pizca de sal.



Luego de veinte minutos, colar el caldo.



Cocinar el tomate y la cebolla salteada en aceite.



Echar las gambas y las almejas y esperar un cuarto de hora.



Servir la sopa bien caliente.

"
https://www.recetas.com/receta-de-Crema-fria-de-calabacines-2095.html,Crema fría de calabacines,,"1 kg. de calabacines 1/2 kg. de patatas 200 cl. de nata liquida3 quesitosSal

"," Crema fría de calabacines

Limpiar, pelar y cortar los calabines y las patatas.



Hervir con una pizca de sal.



Pasar a una batidora junto con los quesos y la nata.



Batir y conservar en el refrigerador."
https://www.recetas.com/receta-de-Sopa-de-truchas-2096.html,Sopa de truchas,,"2 truchasPan de hogaza1 cda. de manteca de cerdo1/2 cebolla SalAjoPimentón

"," Sopa de truchas

Cocinar la trucha cortada, en un litro de aceite y la manteca. Añadir la cebolla rebanada.



Triturar el ajo, salarlo y junto con una pizca de pimentón, se agrega al caldo.



Rebanar el pan y colocarlo en una fuente.



Cuadno esté listo el pescado, colocarlo encima de las rodajas.



Verter el caldo y la salsa encima."
https://www.recetas.com/receta-de-Sopa-llebreta-2097.html,Sopa llebreta,,"4 dientes de ajo cebolla grande1 rebanada de pan seco1/2 pimiento rojoLechugaCúrcumaPimentón dulcePerejíl seco Pimienta negraSal1 litro de caldo vegetal1 cda de aceite de oliva1 huevoQueso parmesano rallado

"," Sopa llebreta

Saltear la cebolla y el ajo ambos picados junto con el pimiento. Remover.

Añadir la cúrcuma, el perejíl y el pimentón.



Cuando este todo cocido, verter el caldo. También agregar la lechuga y una pizca de sal.

Esperar que hierva y echar la clara de huevo.



Dejar que cocine unos minutos más.

Servir espolvoreando pimienta negra y el queso rallado."
https://www.recetas.com/receta-de-Sopa-de-pulpo-2099.html,Sopa de pulpo,,"Pan de la vispera Pulpo secoAjoAceite de oliva

"," Sopa de pulpo

Humedecer el pan. Trozar el pulpo. Saltear el ajo con un poco de aceite.



Volcar todo en un recipiente con agua. llevar a hervir y esperar que tiernize el pulpo.

Servir la sopa con un hilito de aceite de oliva por encima."
https://www.recetas.com/receta-de-Calabacin-y-queso-descremado-2100.html,Calabacin y queso descremado,,,
https://www.recetas.com/receta-de-Tortilla-rellena-de-leche-condensada-2072.html,Tortilla rellena de leche condensada,,," Tortilla rellena de leche condensada

Batir los huevos y echarlos en una sartén con mantequilla.

Distribuir por las sartén y echar la leche condensada.

Cuando esté más consistente la tortilla, doblarla a la mitad para cubrir la leche.

Servir espolvoreada con piñones.

"
https://www.recetas.com/receta-de-Pastel-de-berenjenas-2073.html,Pastel de berenjenas,,"5 huevos300 gr. de pechuga de pavo o pollo300 gr. queso para fundir2 berenjenas medianasHarinaAceite de oliva

"," Pastel de berenjenas

Limpiar y rebanar las berenjenas.

Rebozar con harina y freír.



En una fuente de horno aceitada, cubrir el fondo con berenjenas, cubrir con el queso, tapando las bernjenas y disponer luego una capa de pechuga.

Realizar nuevamente las tres capas anteriores. Echar encima los huevos batidos y condimentados a gusto.

Llevar a horno suave, hasta que los huevos cuajen."
https://www.recetas.com/receta-de-Pastel-de-bagdad-2074.html,Pastel de bagdad,,"200 gr. de chocolate40 galletas rectangulares300 gr. de nata montada100 ml. de café 500 ml. de coñac 3 huevos3 cdas. de azúcar

"," Pastel de bagdad

Derretir el chocolate a baño maría.

Batir el azúcar con las yemas, agregarlñe el chocolate derretido.

Llevar las claras a punto de nieve y anexar a la preparación anterior.

Hacer una mezcla entre el café y el cognac. Pasar las galletas por esta mezcla.

Enmantecar un recipiente, y cubrirlo de galletas. Formar una capa de mousse, encima otra capa de galletas.

Echar la nata y terminar la preparación con las galletas. Refrigerar.

Cubrir el pastel con el charlotte.

"
https://www.recetas.com/receta-de-Mouse-de-anguila-ahumada-2075.html,Mouse de anguila ahumada,,"200 gr. de anguila ahumada150 gr. de requesón14 gr. de gelatina en polvo1 vaso de agua1 vaso de vino blanco3 cdas. de caviar

"," Mouse de anguila ahumada

Preparar la gelatina.



En un bol, hacer puré el requesón. Agregar la anguila bien picada. Mezclar bien.

Incorporar el vino y la gelatina, mezclando todo muy bien. Incorporar finalmente el caviar y volcar en un molde forrado con papel film.

Llevar al frío unas 6 horas."
https://www.recetas.com/receta-de-Tortilla-vegetal-2076.html,Tortilla vegetal,,"Ingredientes 1 kg. de patatas

6 huevos

Lechuga

Tomate

150 gr. de queso tipo barra

150 gr. de jamón cocido

Mayonesa

"," Tortilla vegetal

Preparar la tortilla normalmente, con las patatas y los huevos batidos.

Una vez que esta echa, dejar enfriar.



Cortar a la mitad horizontalmente.

Hacer como un sandwich, untar la mayonesa en ambas caras, colocar el tomate rebanado, la lechuca y las lonjas de queso y jamón.



Encimar la otra tapa de la tortilla.

Servir como una tortilla cualquiera."
https://www.recetas.com/receta-de-Tortilla-de-setas-2077.html,Tortilla de setas,,"Ingredientes 500 gr. de setas

1 cebolla

6 huevos

Aceite

"," Tortilla de setas

Saltear las setas con una poco de ajo picado.

Batir los huevos.

Añadir a esta mezcla, las setas.



Mezclar bien y echar nuevamente al sartén. Agregar un poco de aceite.

Cocinar a fuego lento.

Una vez que elñ huevo cuaje, servir."
https://www.recetas.com/receta-de-Souffle-de-queso-2078.html,Soufflé de queso,,"Ingredientes 250 gr. de queso rallado

250 gr. de queso gruyere, fontina o similar, también rallado

1 y 1/2 vaso de leche

1 cda. de harina

4 huevos

"," Soufflé de queso

Diluir la harina en la leche. Mezclar bien

Añadir los quesos rallados y las cuatro yemas.

Enmantecar un molde para horno.

Montar las claras a nieve y mezclarla suavemente a la preparación anterior.



Volcar todo en el molde y hornear 30 minutos a 180 grados. Servir inmediatamente."
https://www.recetas.com/receta-de-Tortilla-Sacromonte-2079.html,Tortilla Sacromonte,,"150 gr. de sesos150 gr. de criadillas6 huevos150 gr. de jamón curadoPimientos morrones4 rodajas de chorizoAceite de oliva

"," Tortilla Sacromonte

Saltear los sesos y la criadilla.

Fritar aparte, los guisantes.

Agregar las patatas, el chorizo y el jamón. También echar la carne cortada.

Batir los huevos y mezclarlos con los pimientos.

Agregar a la cocción y cocinar nuevamente.

Esperar que los huevos cuajen. Cocinar de ambos lados."
https://www.recetas.com/receta-de-Huevos-Empanados-2080.html,Huevos Empanados,,," Huevos Empanados

Cocinar las claras.



Hacer un sofrito con el jamón, las yemas, la cebolla bien picada y un poco de perejíl. Mezclar bien



Una vez que estén listas las claras, escurrirlas sobre papel absorvente. Rellenar con la mezcla preprada y rebozar en pan rallado. Freír suavemente."
https://www.recetas.com/receta-de-Tortilla-al-ajillo-2081.html,Tortilla al ajillo,,"1 kg. de patatas 4 huevos1 diente de ajo2 ramas de perejílAceite de olivaSal

"," Tortilla al ajillo

Picar el perejíl, el ajo y añadir una pizca de sal.

Fritar las patatas.



Batir los huevos y juntarlo con el provenzal.

Mezclar con las patatas y echarlo en una sartén con aceite.



Dorarla de ambos lados.

Servir caliente."
https://www.recetas.com/receta-de-Tortilla-de-alcachofas-2082.html,Tortilla de alcachofas,,"1/2 kg. de alcachofas frescas4 huevos frescos grandesAceite de olivaSal

"," Tortilla de alcachofas

Limpiar las alcachofas. Untarlas con limón. Separar las hojas y cortar el corazón. Freírlas.

Retirar cuando estén cocidas.



Batir los huevos y añadir las alcachofas fritas.



Colocar nuevamente en la sartén hasta que cuaje el huevo.



Dar vuelta la tortilla y terminar de cocinar."
https://www.recetas.com/receta-de-Tortilla-a-la-Aldavi-con-ajetes-2083.html,Tortilla a la Aldavi con ajetes,,"Ingredientes 6 huevos

750 gr. de papas

Ajo

Perejíl

1 pata de conejo

Pimentón

"," Tortilla a la Aldavi con ajetes

Poner a hervir el conejo en caldo de carne.



Freír las papas en rebanadas con bastante aceite.



Cortar el ajo y saltearlo con una pizca de pimentón.



Batir los huevos, con un poco de sal, perejíl y el ajo.

Trocear el conejo. Juntar todos los ingredientes en la sartén y cocinar vuelta y vuelta."
https://www.recetas.com/receta-de-Huevos-estrellados-2084.html,Huevos estrellados,,,
https://www.recetas.com/receta-de-Huevos-fritos-con-chorizo-2085.html,Huevos fritos con chorizo,,,
https://www.recetas.com/receta-de-Tortilla-de-habas-2086.html,Tortilla de habas,,,
https://www.recetas.com/receta-de-Tortilla-de-ajos-tiernos-2087.html,Tortilla de ajos tiernos,,"Ingredientes 2 manojos de ajetes

6 huevos

Aceite

Sal

"," Tortilla de ajos tiernos

Quitar los brotes y la piel de los ajos. Picarlos.

Fritarlos en una sartén con fuego suave.



Retirarlos y añadir los huevos mezclados, un poco de sal y luego echar nuevamente los ajos.



Esperar a que cuaje el huevo y servir."
https://www.recetas.com/receta-de-Huevos-con-verduras-2088.html,Huevos con verduras,,"4 huevos1/2 kg. de guisantes 1/2 kg. de habas tiernas con vaina patatas medianas1 cebolla1 cabeza de ajos 3 cebolletas2 rodajas de sobrasada1/4 lt. de agua2 cdas. soperas de aceite de olivaSalPimienta clavo molido

"," Huevos con verduras

Pelar los guisantes, cortar la cebolla, las patatas, las habas y las cebolletas.

Saltear las cebollas, cebolletas y la sobrasada. Añadir los ajos y habas.



Luego echar las patatas y un poco de agua.

Al hervir, agregar los guisantes y condimentar a gusto.

Cocinar a fugo lento.



Cuando la verdura esté tierna, romper los huevos sobre ella.

Dejar cocinar unos minutos, hasta que el huevo esté a gusto; retirar el ajo y servir."
https://www.recetas.com/receta-de-Espaguetis-con-gambas-y-calamares-2056.html,Espaguetis con gambas y calamares,,"500 gr. de espaguetis1/4 kg. de gambas calamar grande cebolla grande5 ajos1 cda. sopera de mantequilla1 hoja de laurelSal y queso parmesano

"," Espaguetis con gambas y calamares

Echar a hervir agua con unas hojas de laurel, un poco de cebolla, una pizca de sal, un poco de manteca y echar los fideos.



Limpiar las gambas y el calamar.

Una vez que estén listos los fideos, colar.



Poner a saltear la cebolla y el ajo.

Añadir primero el calamar, luego las gambas, cocinar 5 minutos y agregar los fideos.



Servir y espolvoreado con queso rallado por encima."
https://www.recetas.com/receta-de-Patatas-a-la-importancia-2057.html,Patatas a la importancia,,"Ingredientes 4 patatas

2 huevos

1 cebolla

Harina

Vino blanco

Agua

Sal

"," Patatas a la importancia

Pelar y rebanar las papas. Pasarlas por huevo y enharinarlas. Freír.

Retirar las papas una vez doradas y agregar a la sartén la cebolla en juliana y la harina.

Incorporar de a poco el vino y agua.

Colocar las papas en una fuente de horno enmantecada y encima la bechamel preparda en la sartén. Hornear unos minutos, hasta gratinar, y servir."
https://www.recetas.com/receta-de-Espaguetis-con-setas-2058.html,Espaguetis con setas,,"500 gr. de espaguetis Setas frescas 1 lata de guisantes 2 tomates 1 cebolla pequeña 1/2 paquete de nata Queso emmental rallado Orégano Sal

"," Espaguetis con setas

Cocinar los espagueti en abundante agua salada hirviendo.

Hacer un sofrito con las setas, los guisantes y la cebolla. Luego añadir el tomate y una pizca de sal.



Escurrir los espagueti y agregar a la sartén.

Retirar del fuego y agregarle orégano y nata. Mezclar bien.

Servir espolvoreado con queso rallado."
https://www.recetas.com/receta-de-Fideos-con-sepia-2059.html,Fideos con sepia,,"Para el caldo de pescado : 1 cabeza de pescado o caldo de pescado 1 cebolla 1 zanahoria 1 tomate 1 puerro 1 perejíl 1 laurel Aceite 1 yema 2 dientes de ajo

1 sepia grande 1 cebolla 4 tomates 500 gr. de fideos 1 copita de vino blanco 1/2 vaso de aceite de oliva

"," Fideos con sepia

Fritar la cebolla y una vez que esté trasparente, agregar la sepia y los tomates limpios, cortados, pelados y sin semillas.

Agregar el vino y un chorro de aceite, dejar cocinar a fuego bajo.

Cuando note que el aceite se separa de la cocción, añada los fideos.

Poner a hervir el agua, y echar allí las verduras y el pescado. Dejar hervir bien, para que el agua tome gusto.

Mientras se hace el caldo, saltear el ajo bien triturado y añadir la yema. Mezclar bien e incorporar el aceite de a poco.

Servir los fideos con el caldo de pescado y la salsa."
https://www.recetas.com/receta-de-Cintas-con-olivada-2060.html,Cintas con olivada,,"Ingredientes 1 kg. de cintas

1 bote de olivada (pasta de aceitunas)

Aceite

Sal

"," Cintas con olivada

Hervir las cintas en agua salada.

Cuando esté cocida, colar y colocar en un recipiente.



Disolver la olivada en un poco de aceite, mezclar bien y agregar a la pasta.

Sartenear unos segundos sobre el fuego y servir."
https://www.recetas.com/receta-de-Macarrones-naranjitos-2061.html,Macarrones naranjitos,,"Ingredientes 250 gr. de macarrones

250 gr. de zanahorias

1/2 lt. de leche

1 cebolla

1 cda. de mantequilla

Pizca de nuez moscada

1 hoja de laurel

Aceite de oliva y sal



"," Macarrones naranjitos

Cocinar los fideos con un poco de aceite, sal y laurel.



Mientras tanto, saltear la zanahoria rallada y la cebolla picada.

Añadir leche. Mezclar y agregar la nuez moscada.



Servir los macarrones con la salsa por encima."
https://www.recetas.com/receta-de-Huevos-a-la-vinagreta-2062.html,Huevos a la vinagreta,,"2 huevosAceite de oliva Cebolla a gusto Vinagre de jerezSal

"," Huevos a la vinagreta

Calentar aceite en una sartén. Colocar los huevos.



Fritar, sin que la yema cuaje.



Pasar los huevos a un recipiente.



Picar la cebolla y añadirla con un poco de vinagre encima de los huevos."
https://www.recetas.com/receta-de-Macarrones-con-nata-y-esparragos-verdes-2063.html,Macarrones con nata y esparragos verdes,,,
https://www.recetas.com/receta-de-Champinones-rellenos-2064.html,Champiñones rellenos,,"1 lata de champiñones enteros1 lata de bonito o atún Queso Philadelphia (o similar)Queso ralladoHierbas (admite todo tipo)

"," Champiñones rellenos

Cortar los champiñones, separar el tronco de la cabeza.



Juntar con los troncos con el atún y el queso fresco.



Con esta mezcla, rellenar la parte de arriba de los hongos.



Espolvorear el queso rallado por encima de los champiñones rellenos y hornear hasta que gratinen."
https://www.recetas.com/receta-de-Macarrones-encebollados-2065.html,Macarrones encebollados,,"Ingredientes 1 kg. de pasta seca

2 cebollas grandes

1 kg. de tomate frito

250 gr. de queso Emmental rallado

"," Macarrones encebollados

Cocinar la pasta.



Fritar la cebolla suavemente. Cuando esté transparente, echar el tomate. Luego añadir el queso y mezclar constantemente.

Servir los fideos con la salsa."
https://www.recetas.com/receta-de-Fideuï¿½-2066.html,Recetas de Cocina en Recetas.com,,,
https://www.recetas.com/receta-de-Cintas-a-la-crema-2067.html,Cintas a la crema,,"800 gr. de cintas frescas 150 gr. de bacon 100 gr. de queso emmental rallado 1 cebolla 200 cc. de nata líquida Hierbas a gusto Nuez moscada Mantequilla Sal Aceite de oliva

"," Cintas a la crema

Cocinar la pasta con un poco de manteca y sal.



En una sartén, rehogar la cebolla y el bacon.

Cuando esté cocido el bacon, echar la pasta escurrida y agregar las hierbas, la nuez moscada rallada, el queso y el ajo.



Cocinar unos minutos y agregar la nata.

Servir inmediatamente, acompañado con queso rallado a gusto."
https://www.recetas.com/receta-de-Potaje-2068.html,Potaje,,"1/2 kg. de alubias blancas1 tomate2 pimietos1 zanahoria Tocino de papada2 chorizos2 morcillas serranas1 trozo de costilla fresca de cerdo 1 trozo de carne de cerdo sin hueso1 taza pequeña de arroz por persona

"," Potaje

En una olla amplia, colocar las alubias con una pizca de sal, el pimentón, las verduras, morcillas, chorizos y carnes. Cocinar una hora.

Separar las verduras tiernas y triturar.

Colocar en un recipiente las carnes.



Echar el arroz en el caldo y esperar que se enternezca.

Servir como primer plato el arroz y como segundo las carnes junto con las verduras."
https://www.recetas.com/receta-de-Gurullos-con-conejo-2069.html,Gurullos con conejo,,"1/2 conejo 1/4 kg. de gurullos u otra psta corta1 tomate1 ajoSalAceite

"," Gurullos con conejo

Preparación:

Condimentar el conejo a gusto y saltearlo.

Aparte, asar el pimiento.

Agregar al conejo, el tomate cortado, el pimiento asado, la cebolla picada y el ajo a la preparación de conejo.

Agregar agua y dejar hervir suavemente hasta que el conejo esté casi a punto.

Echar entonces la pasta. Cocinar diez minuto más y servir todo junto."
https://www.recetas.com/receta-de-Cazuela-de-fideos-a-la-malaguena-2070.html,Cazuela de fideos a la malagueña,,"1/4 kg. de boquerones o bacalao salado1/4 kg. de almejas1/4 kg. de fideos medianos1 tomate125 gr. de habas frescas125 gr. de guisantes 2 zanahorias1 patataAceite de oliva1 lt. de aguaSal

"," Cazuela de fideos a la malagueña

Rebanar el pimiento, picar la cebolla y cortar el tomate.

Cortar las zanahorias y las patatas.

Cortar en cuatro la alcachofa.

Hacer un sofrito con el tomate, pimiento y cebolla.

Cuando esté cocido, agregar el resto de las verduras y el pescado.



Agregar el agua, una pizca de sal y de azafrán.

Cocinar media hora y agregar los fideos; seguir la cocción unos 10 minutos más.

Servir los fideos junto con el pescado y las verduras."
https://www.recetas.com/receta-de-Pastel-de-gelatina-2071.html,Pastel de gelatina,,"1 pote de queso tipo philadelphia1 envase de gelatina frutal a gusto Nata líquidaAgua

"," Pastel de gelatina

Batir en un recipiente la nata junto con el queso.



Preparar la gelatina como indique el paquete.



Agregar a la preparación anterior y mezclar, endulzando a gusto.



Volcar en un molde y refrigerar hasta que tome consistencia.



Desmoldar y servir."
https://www.recetas.com/receta-de-Setas-salteadas-2037.html,Setas salteadas,,"1/2 kg. setas1 o 2 guindillas2 dientes de ajo1/2 vaso de vino blanco Perejil picado a gustoSal

"," Setas salteadas

Poner en un una sartén u olla un fondo de aceite, poner las guindillas y los ajos cortados en láminas a dorar.

Mientras tanto, cortar la setas en tiras, y cuando esté dorado el ajo, agregarlas y dorar sin tapa hasta que se vaya consumiendo el líquido.

Agregar luego el vino y dejar que se consuma todo y se cocinen las setas.

Retirar del fuego, agregar el perejil, mezclar bien y servir.

"
https://www.recetas.com/receta-de-Truchas-escabechadas-1911.html,Truchas escabechadas,,"6 truchas 1 cebolla 3 dientes de ajo Pimienta negra 2 zanahorias cocidas 1 ají morrón rojo cortado en cubitos 2 dl. de aceite 2 dl. de vinagre 2 dl. de vino blanco 2 dl. de agua Harina Laurel Sal Tomillo

"," Truchas escabechadas

Prepaaración:

Salar las truchas y enharinarlas. En una sartén, poner el aceite, y cuando esté caliente, freír las truchas. Pasarlas, ya fritas, a una cazuela.

En la misma sartén donde se frieron las truchas, dorar una cebolla cortada en juliana, los dientes de ajo en rodajas y los cubitos de morrón.

Cuando estén dorados, añadir el vino blanco con el agua y el vinagre, la pimienta en grano, las hojas de laurel, el tomillo y la sal.

Dar un hervor y volcar en caliente sobre las truchas, llevar la cazuela con las truchas al fuego, hervir un par de minutos, probar de sal y añadir las zanahorias en rodajas.

Retirar del fuego y dejar enfriar."
https://www.recetas.com/receta-de-Perdices-estofadas-1897.html,Perdices estofadas,,," Perdices estofadas

Poner las perdices enteras en una cazuela, salar y agregar todo en crudo y picado, la cebolla, la zanahoria y los ajos. Incorporar el vino aceite, vinagre y la hoja de laurel. Llevar a cocinar a fuego suave, hasta que estén tiernas





Cuando estan listas, sacar las perdices, y pasar la salsa por el pasapuré, o procesadora.

"
https://www.recetas.com/receta-de-Albondigas-con-tomate-1793.html,Albondigas con tomate,,"1 kg. de carne de ternera picada2 huevos3 cdas. de pan ralladoHierbabuenaMejoranaPerejil1 cebolla pimiento rojo1 zanahoria1 pastilla de caldo de pollo o vegetal tomates maduros grandes1 ajo pequeño1/2 vaso de vino blancoSal

"," Albondigas con tomate

Preparación:



Mezclar en un bol la carne picada junto con el pan rallado, la hierbabuena, la mejorana, el perejil, los huevos, sal y pimienta. Mezclar bien durante unos minutos y formar albóndigas.



Saltear en una sartén con un poquito de aceite la cebolla. Agregar luego el pimiento, la zanahoria y el tomate (todos cubeteados), y dejar rehogar unos momentos.

Agregar el vino blanco y dejar que se evapore el alcohol. Añadir entonces el caldo (disuelto en 250 ml. de agua) y 1/2 cdta. de azúcar.Dejar cocer a fuego bajo hasta obtener la consistencia deseada en la salsa.

Pasar las albóndigas por harina y freírlas en abundante aceite caliente. Retirar y agregarlas a la sartén con la salsa.Dejar unos minutos para que tomen sabor."
https://www.recetas.com/receta-de-Crema-de-almejas-1745.html,Crema de almejas,,"500 gr. de almejas150 gr. de tomates2 cdas. de cebolla picada2 caldo1 cdta. de pimentón1 diente de ajo1 ramito de perejil2 cdas. de aceite

"," Crema de almejas

Poner a cocer las almejas, después de lavadas, en una cacerola con medio litro de agua hirviendo.

Cuando están abiertas, retirar del fuego, reservar las almejas y pasar el caldo por un tamiz para que no pase la arena; reservar el caldo.

Retirar las almejas de las conchas, echándolas en el caldo reservado.

En una cacerola con aceite, dorar la cebolla, luego incorporar el tomate picado y el pimentón, dejar freír despacio y añadir un poco de agua para que cueza bien.

A la media hora, pasar por el chino, apretando para que pase todo. Volver a la cacerola agregar el caldo con las almejas, los cubitos de caldo, el perejil y ajo bien machacados.

Completar con agua fría o caliente hasta el litro y medio de líquido, sazonar con sal, pimienta y llevar al fuego. Cuando rompe el hervor dejar cocer unos cinco minutos, retirar del fuego y dejar reposar cinco minutos antes de servir.

"
https://www.recetas.com/receta-de-Sopa-de-Pescado-1747.html,Sopa de Pescado,,," Sopa de Pescado

Sofreír los tomates, la cebolla, la zanahoria, el ajo y el perejil.

Añadir el pescado cortado entrozos no muy pequeños, el pan, la pimienta, la nuez moscada rallada y un poco de agua; dejar cocer unos 10 minutos.

Añadir por último las gambas, dejar cocinar 5 minutos más y servir caliente."
https://www.recetas.com/receta-de-Sopa-de-tomate-con-gambas-1748.html,Sopa de tomate con gambas,,"1 kg. de tomates3 filetes de merluza congelada2 rodajas de pan1 cebolleta1 trozo de pimiento rojo2 dientes de ajoSalPimientaNuez moscadaGambasCaldo de pescado

"," Sopa de tomate con gambas

Sofreír el pimiento, la cebolleta y los ajos; cuando estén transparentes, añadir el tomate pelado y picado.



Cocer unos minutos y agregar el pan, la pimienta, la nuez moscada rallada, sal y el caldo de pescado.

Dejar que siga cociéndose todo junto. Añadir las gambas peladas, dejar hervir un par de minutos más y servir."
https://www.recetas.com/receta-de-Spaghetti-con-camarones-1725.html,Spaghetti con camarones,,"500 gr. de spaguettis300 gr. de camarones2 cebollasAjo300 gr. de tomate Perejil fresco morrón rojo1 copa de vino blanco seco3 cdas. de aceite de olivaSal Pimienta negra

"," Spaghetti con camarones

Preparación:

Triturar el tomate, picar las cebollas, el ajo y el morrón; colocar el aceite en una sartén y saltear las verduras por unos minutos. Agregar luego el tomate, salpimentar y cocinar 10 minutos más.

Agregar los camarones (previamente limpiados) y el vino blanco. Cocinar unos 5 minutos más, corregir la sazón y apagar el fuego.

Hervir la pasta en abundante agua salada hasta que esté al dente. Colar y mezclar con la salsa.



Servir espolvoreado con perejil picado.

"
https://www.recetas.com/receta-de-Spaghetti-con-mejillones-y-berberechos-1726.html,Spaghetti con mejillones y berberechos,,"500 gr. de spaguettis 750 gr. de mejillones frescos con concha 250 gr. de berberechos 2 cdas. de aceite de oliva 1 cebolla 1 diente de ajo 450 gr. de tomate triturado 250 cc. de vino blanco 1 cda. de albahaca fresca 1 cda. de perejil

"," Spaghetti con mejillones y berberechos

Preparación:

Pelar los berberechos, cortar la cebolla en finas rodajas, picar la albahaca y el perejil.



Colocar la cebolla y el ajo en una cacerola a fuego suave con aceite caliente y saltear por 5 minutos, agregar el tomate y el vino; llevar a ebullición y después bajar el fuego y dejar cocer por 15 minutos más.

Cocinar en una olla los mejillones y los berberechos; retirar cuando los mejillones se abran y separar los que no se hallan abiertos. Agregue la albahaca y el perejil.

Cocinar los spaghuettis en agua hirviendo con sal hasta que estén al dente. Escurrir.



Mezclar los fideos con la salsa y por último, agregar los mejillones y los berberechos. Servir espolvoreado con perejil y albahaca."
https://www.recetas.com/receta-de-Calamares-rellenos-a-la-bretona-1728.html,Calamares rellenos a la bretona,,," Calamares rellenos a la bretona

Preparación:



Sudar la cebolla junto con el ajo y las echalotes en aceite. Una vez listas, mezclar con el pan rallado hasta obtener una pasta. Rellenar los calamares con esta preparación y cerrarlos con un palillo.

Picar las aletas y tentáculos y saltearlas en una sartén con un chorrito de aceite.

Agregar el tomate, el perejil y la cayena, salpimentar.

Colocar los calamares con el vino en esta preparación y dejar hasta que se cocinen, agregando chorritos de agua si fuera necesario.

Una vez que estén hechos los calamares, retirarlos y reducir el fondo de cocción, corregir la sazón si fuera necesario y agregar al final la manteca.



Servir los calamares con esta salsa."
https://www.recetas.com/receta-de-Langostinos-asados-1729.html,Langostinos asados,,"250 gr. de langostinos crudos1/4 de taza de perejil 1/4 de taza de aceite2 cdas. de salsa barbacoa2 cdas. de zumo de limón 1 cda. de miel 2 dientes de ajo2 cdas. de cebollino

"," Langostinos asados

Pelar los langostinos dejando la cola intacta.

Picar el cebollino, el perejil y mezclar con aceite, la salsa barbacoa, el zumo de limón, la miel y el ajo picado.



Agregar los langostinos, mezclar bien y dejar reposar 4 hrs.

Cocer los langostinos en una plancha bien caliente durante 3 minutos, vuelta y vuelta.



Servir acompañados con la marinada y unas papas hervidas o ensalada a gusto."
https://www.recetas.com/receta-de-Paella-de-arroz-a-banda-1704.html,Paella de arroz a banda,,"400 gr. arroz 2 cebollas250 gr. de chipirones200 gr. de rape 250 gr. de cigalas cocidas200 gr. de gambas200 gr. de mero 1/2 kg. de patata pequeña150 gr. de tomate natural triturado2 dientes de ajo10 cdas. de ceite de oliva1/2 lt. de agua Azafrán en hebrasSal2 cdtas. de pimentón dulce

"," Paella de arroz a banda

Pelar y trozar la cebolla y colocarla en una cazuela junto con 3 cucharadas de aceite, rehogar; añadir las patatas peladas y 1 cucharadita de pimentón.

Incorporar el agua y la sal, cocer por 20 min., e incorporar los pescados, (excepto los chipirones); cocer 10 min. y apartar.

Poner el aceite restante en una paella y freír los ajos picados, añadir los chipirones apartados anteriormente, rehogar unos minutos. Agregar el tomate, dejando freír a fuego lento, por 10 min. más.

Agregar el pimentón restante y el azafrán, rehogar unos segundos y añadir el arroz. Incorporar el caldo de los pescados, (el doble de volumen de caldo que de arroz). Dejar cocer 20 min., retirar y dejar reposar 5 minutos antes de servir."
https://www.recetas.com/receta-de-Pato-saltado-con-pure-de-manzanas-y-peras-1709.html,Pato saltado con puré de manzanas y peras,,"Ingredientes 4 supremas de pato

4 manzanas

4 peras

1 cebolla

1 cda. de azúcar

Canela

Jengibre

Vainilla

Salsa inglesa

"," Pato saltado con puré de manzanas y peras

Colocar las manzanas, la cebolla y las peras en el horno, cuando ya estén cocidas, pelarlas y procesarlas, condimentar con un poco de canela, jengibre y unas gotitas de vainilla.

Con ayuda de un cuchillo, hacer cortes transversales en la piel del pato, sin llegar a la cortar la carne, sólo la piel, el resultado final de estos cortes se debe asemejar a una celosía.

Agregar un poco de sal y de pimienta y marcarlo a fuego fuerte durante 2 minutos por cada lado. Luego llevarlo al horno a 180ºC entre 6 y 10 minutos, dependiendo del punto de cocción deseado.

Dejar reposar 1 min, cortar en rodajas y servir junto con el puré caliente; rociar con unas gotitas de salsa inglesa."
https://www.recetas.com/receta-de-Polenta-especial-1700.html,Polenta especial,,"Ingredientes 2 tazas de polenta instantánea

2 taza de leche

1 taza de agua

1 cubito de caldo de verdura o pollo

1 cda. de manteca

Sal y pimienta

1 taza de queso parmesano rallado grueso

Un pocillo de aceite de oliva

"," Polenta especial

En una olla combinar el agua, la leche, el caldito, la sal, pimienta y la manteca hasta que rompa el hervor. Bajar inmediatamente el fuego.



Agregar la polenta en forma de lluvia, revolviendo constantemente con cuchara de madera o batidor de alambre. Cocinar un minuto o dos, hasta que haga burbujas, y retirar del fuego.



Volcar en una fuente de horno o budinera grande untada con aceite de oliva. Dejar enfriar. (En este último paso puede ser dejada toda la noche).



Precalentar el horno bien caliente.

Cortar la polenta con un cuchillo mojado o un cortapastas, en rebanadas, cuadrados, triángulos, etc.



Poner en una placa para horno aceitada y espolvorear con queso rallado grueso.

Cocinar en horno bien caliente hasta que estén crocantes, más o menos 20 minutos. Servir calientes."
https://www.recetas.com/receta-de-Bacalao-al-estilo-de-Jacogo-1691.html,Bacalao al estilo de Jacogo,,"1 kg. de bacalao seco (si son lomos de altura uniforme, mejor)1 kg. de tomates para salsa cebolla grande4 pimientos (ajíes, chiles) choriceros (secos, algo picantillos) o “carne de pimientos choriceros” en conserva50 gr. de avellanas peladas y tostadas50 gr. de almendras tostadas y peladas (o fritas)

"," Bacalao al estilo de Jacogo

Desalar el bacalao convenientemente, pero sin dejarlo demasiado “soso”. (Desalarlo cambiando el agua frecuentemente y mantenerlo en sitio fresco (incluso en el frigorífico). Para una altura inicial de 2 cm, con dos días cambiando 3 o 4 veces al día el agua, será suficiente.



Escurrir y pasar los trozos de bacalao por la sartén con aceite de oliva bien caliente, por la parte de la piel solamente, sin que se llegue a freír del todo; e ir colocando los trozos en una cazuela de barro (o apta para el horno).

En el aceite de freír el bacalao, saltear la cebolla hasta que esté transparente. Añadir el tomate pelado y sin pepitas, revolviendo hasta que esté frito.

Limpiar los ""pimientos choriceros” quitarles los rabos y las semillas, picarlos y pasarlos por la procesadora (o usar directamente la “pasta de choriceros” en conserva), añadir las avellanas, las almendras y triturar.

Añadir esta pasta al sofrito de tomate y verter sobre el bacalao.

Meter al horno, precalentado, a 170ºC durante 20 minutos. Procurar que no se queme la superficie, protegiéndolo con un papel aluminio.

Los últimos cinco minutos, quitar el aluminio para que se gratine ligeramente."
https://www.recetas.com/receta-de-Judias-pintas-con-codornices-1692.html,Judias pintas con codornices,,"4 codornices pimiento morrón rojo1 pimiento morrón verde100 gr. de zanahorias2 dientes de ajo300 gr. de judías pintas (o 2 frascos de judías precocidas)1 pastilla de caldo de jamón (o de carne)

"," Judias pintas con codornices

Poner a remojar las judías (si no son las precocidas) la noche anterior y cocerlas.

Limpiar las codornices y abrirlas al medio, secarlas y enharinarlas.

Freírlas con aceite de oliva por ambos lados ligeramente.

En la misma grasa, pochar la zanahoria rallada y los demás los vegetales cortados en juliana.

Añadir las judías cocidas y las codornices, espolvorear con la pastilla de caldo y cocer suavemente por 15 min."
https://www.recetas.com/receta-de-Pulpo-con-cachelos-1680.html,Pulpo con cachelos,,"Ingredientes 2 kg. de pulpo

2 kg. de patatas

100 gr. de pimentón picante

100 gr. de sal semigruesa

Aceite

"," Pulpo con cachelos

Es preferible congelar el pulpo antes de utilizarlo. Así se ablandará sin tener que golpearlo.

Una vez bien descongelado y lavado, llevar el pulpo a una olla con agua hirviendo, (metiéndolo y sacándolo tres veces) para evitar que se despelleje.



Dejar cocer a fuego medio durante 35 minutos aproximadamente. Apagar el fuego y dejar unos 25 minutos más en el agua.

Servir con patatas cocidas ""cachelos"".

Para esto, poner a cocer en el agua del pulpo, unas patatas cortadas en rodajas gruesas.

Una vez cocidas, disponer en un plato, bien escurridas. Agregar el pulpo por encima yespolvorer con pimentón, regar con el aceite y sal gruesa al final."
https://www.recetas.com/receta-de-Sopa-de-lentejas-amarillas-peladas-1684.html,Sopa de lentejas amarillas peladas,,," Sopa de lentejas amarillas peladas

Poner las lentejas en agua con la cebolla, el tomate, la zanahoria, el calabacin y dejar hervir 1 hora.

Colar y añadir la sal, el comino y la cayena. Calentar el aceite y freír la cebolla previamente rallada.

Echar las lentejas y removerlas a fuego lento durante solamente 10 min. Freír el pan en aceite y servirlo aparte."
https://www.recetas.com/receta-de-Frangollo-1671.html,Frangollo,,," Frangollo

Preparación



Colocar 1/2 kg. de frangollo -harina de millo (maíz) sin refinar- en 1 lt. de agua y llevar al fuego con una rama de canela y cáscara de limón.



Revolver hasta que espese y llevar a la nevera.



"
https://www.recetas.com/receta-de-Cerdo-con-verduras-1633.html,Cerdo con verduras,,"600 gr. de solomillo o lomo de cerdo500 gr. de hongos frescos zanahoria pequeña cocida150 gr. de arvejas cocidas al dente1 vaso de vino blanco1 vaso de salsa española1 cda. de harina Sal gruesa

"," Cerdo con verduras

Poner en una sartén 3 cucharadas de aceite, dejar calentar y dorar la carne de cerdo vuelta y vuelta. Retirar, y en el aceite que quedó, saltear las setas.

Añadir la harina, luego el vino blanco y la salsa española.

Reducir a consistencia de napa y salar. Añadir a último momento las verduras, previamente cortadas en cubitos, y dejar cocinar unos minutos más.



Servir la carne fileteada junto con la salsa de verduras.

"
https://www.recetas.com/receta-de-Champinones-rellenos-1600.html,Champiñones rellenos,,"Ingredientes 1 kg. de champiñones

1 limón

2 puerros

1 diente de ajo

1/2 vaso de vino blanco

Queso rallado

Perejil

Aceite

Sal

"," Champiñones rellenos

Limpiar los champiñones con un paño limpio, sin mojarlos para que no se ablanden. Rociarlos con un poco de zumo de limón. Quitarles el pedúnculo o rabito y reservarlo.

En una sartén, saltear los puerros muy picados junto con los pedúnculos y el diente de ajo, regarlo con el vino blanco y dejar unos minutos al fuego.

Colocar los champiñones en una fuente de horno untada con aceite, rellenarlos con la preparación anterior, cubrirlos con el queso rallado y un poco de perejil picado y llevaral horno previamente calentado a unos 190ºC durante unos 15 minutos.

Servir enseguida para comerlos calientes."
https://www.recetas.com/receta-de-Cocido-de-frijoles-y-garbanzos-1482.html,Cocido de frijoles y garbanzos,,"1/4 kg. de garbanzos1/8 kg. de frijoles1/8 kg. de judías verdes1/4 kg. de patatas1 tomate1 pimiento1/2 vaso de aceite de olivaLonganiza1 chorizo1 trozo de carne de cerdo1/2 kg. de calabaza3 dientes de ajoPimentón y sal

"," Cocido de frijoles y garbanzos

Poner a hervir los frijoles. A los pocos minutos, agregar la longaniza, el chorizo, la carne en cubos, los garbanzos, el tomate picado y la calabaza.

Aparte, picar el ajo y mezclarlo con el pimentón y añadirlo a la cocción.

Agregar un poco mas de agua y dejar cocinar a fuego suave, durante una hora aproximadamente.

Incorporar las judías y las papas y seguir la cocción unos 15 minutos más, hasta que todo se tiernice y la salsa se espese."
https://www.recetas.com/receta-de-Tortilla-de-papas-y-panceta-1455.html,Tortilla de papas y panceta,,," Tortilla de papas y panceta

Cortar las papas y freírlas.

Aparte, freír el morrón, también cortado.



En un recipiente, echar los huevos salpimentados y añadir las papas, el morrón y la panceta.

Volcar la preparación en una sartén con poco aceite caliente y dejar cocinar removiendo al principio. Cuando se note que ha cuajado en su base, dar vuelta con ayuda de un plato y terminar la cocción del otro lado."
https://www.recetas.com/receta-de-Patatas-con-Bacalao-1225.html,Patatas con Bacalao,,," Patatas con Bacalao

Colocar 24 horas antes el bacalao en agua, cambiándola unas 3 veces.

En una cazuela de barro con aceite, dorar el diente de ajo, la cebolla en tiras y el bacalao enharinado.



Agregar las patatas cortadas pequeñas, la hoja de laurel, el condimento amarillo y una cucharadita de harina.

Rehogar a fuego lento 10 minutos y añadir un vaso de agua.

Dejar cocinar a fuego suave hasta que estén cocidas las patatas."
https://www.recetas.com/receta-de-Pollo-al-Ajillo-1229.html,Pollo al Ajillo,,"Ingredientes 2 trozos de pollo

1 diente de ajo

Perejil

Aceite

Sal

"," Pollo al Ajillo

Sazonar el pollo y rehogarlo en un poco de aceite.

Pasarlo a una cazuela de barro. Agregar 1 taza de caldo y continuar la cocción hasta que el pollo esté listo.

Freír hasta dorar el ajo cortado en rodajas junto con una rama de perejil.

Echar esta preparación por encima del pollo, para que tome el sabor, y dejar un par de minutos en el fuego."
https://www.recetas.com/receta-de-Potaje-de-Garbanzos-1231.html,Potaje de Garbanzos,,," Potaje de Garbanzos

Poner los garbanzos en una olla cubiertos con agua caliente, junto a dos dientes de ajo y una hoja de laurel. Llevar a hervir por 3 horas en fuego suave.

Limpiar las espinacas y trocearlas. Cuando los garbanzos estén listos, añadir las espinacas picadas y cocinar por unos minutos más.

Picar la cebolla y freírla, añadir un poco de pimentón y una cucharada de harina, mezclar bien e incorporar a la sopa."
https://www.recetas.com/receta-de-Puerro-y-Tomate-al-azafran-1232.html,Puerro y Tomate al azafrán,,"Ingredientes 2 puerros

1 tomate

1 vaso de caldo de carne

Perejil

Laurel

Tomillo

Sal

Azafrán



"," Puerro y Tomate al azafrán

Engrasar ligeramente una fuente, colocar en ella los puerros y cubrirlos con el caldo. Agregar el tomate cortado (sin semilla) y el azafrán.

Sazonar, agregar una rama de tomillo y una hoja de laurel.

Cocer a fuego suave, hasta que el caldo se haya evaporado.

"
https://www.recetas.com/receta-de-Pure-de-Lentejas-y-Pollo-1233.html,Puré de Lentejas y Pollo,,"50 gr. de lentejas cocidas2 cdas. soperas de pollo picado1/2 tomate pequeño picado1 cdta. de almidón de maíz1 cdta. de aceite de oliva

"," Puré de Lentejas y Pollo

Pisar las lentejas para hacer un puré (o procesarlas).

Deshacer el almidón de maíz en el caldo, calentando hasta que espese.

Retirar del fuego y agregar el puré de lentejas, el pollo picado y el tomate también picado.

Aliñar con el aceite, mezclar bien y llevar al fuego un par de minutos.

"
https://www.recetas.com/receta-de-Revuelto-de-calabacin-1236.html,Revuelto de calabacín,,"Ingredientes 1 calabacín mediano

1/2 cebolla

1 huevo

Aceite

Sal

"," Revuelto de calabacín

Preparación:

Pelar, cortar la cebolla y saltear en una sartén a fuego suave con un poco de aceite.

Cuando se haya dorado, añadir el calabacín lavado y cortado en rodajas finas. Saltear hasta que esté tierno.

Escurrir el aceite que queda y añadir un huevo, removiéndolo hasta que cuaje."
https://www.recetas.com/receta-de-Rollitos-de-Ternera-1237.html,Rollitos de Ternera,,"2 escalopes de ternera 30 gr. de carne picada 1 loncha de jamón cocido (sin conservantes) 3 cebollitas pequeñas Aceite Limón Harina Almidón de maíz 1 cda. sopera de mantequilla

"," Rollitos de Ternera

Rellenar los escalopes con la carne picada y el jamón. Enrollarlos y atarlos.

Pasarlos por harina y dorar lentamente en un poco de mantequila o aceite.



Agregar las cebollitas. Cuando estén cocidas (pero no deshechas), agregar el jugo de cocción de los rollitos y el jugo del limón.

Cocinar suavemente por 5 minutos e incorporar una cucharadita de almidón de maíz, disuelta previamente en agua, para espesar la salsa."
https://www.recetas.com/receta-de-Tomates-rellenos-1238.html,Tomates rellenos,,"1 tomate grande maduro 1 gajo de cebolla 30 gr. de carne asada 25 gr. de arroz cocido 20 gr. de mantequilla 1 cdta. de nata 1 cda. de queso rallado 1 cda. de pan rallado Perejil Sal

"," Tomates rellenos

Cortar una rodaja en la parte superior del tomate y vaciar el relleno.

Sofreír la cebolla picada con la manteca, y cuando esté blanda, agregar la carne picada, el arroz, la nata y el perejil picado.

Condimentar con pimienta y una pizca de sal, cocinar durante tres minutos.

Rellenar el tomate con esta mezcla y llevar al horno durante diez minutos."
https://www.recetas.com/receta-de-Torrijas-1239.html,Torrijas,,"1 barra de pan del día anterior 1 lt. de leche 3 huevos 1/4 kg. de azúcar 1 cda. de canela en polvo Ralladura de 1 limón Aceite para freír las torrijas

"," Torrijas

Preparación:

Cortar el pan en rebanadas y colocarlas en una fuente cubierta con la leche y las raspaduras de limón para que se empapen bien.

Pasarlas por huevo batido y sofreírlas en aceite.

Servir en bandeja, espolvoreadas con el azúcar mezclado con canela."
https://www.recetas.com/receta-de-Sopa-Primavera-1242.html,Sopa Primavera,,"100 gr. de jamón picado2 zanahorias tiernas cebolla tierna100 gr. de judías verdes finas2 cdas. de guisantes3 hojas de lechuga3 cdas. de aceite4 cdas. de fideos para sopa

"," Sopa Primavera

Cocinar el jamón junto con la cebolla picada y añadirle la zanahoria cortada. Rehogar unos minutos.



Añadir agua y dejar que hierva; a los 10 minutos, agregar las judías verdes troceadas, los guisantes y las hojas de lechuga picadas.



Deja cocinar lentamente media hora a fuego suave.

10 minutos antes de servir, añadir los fideos."
https://www.recetas.com/receta-de-Cazuelita-de-verduras-1202.html,Cazuelita de verduras,,"250 gr. de judías verdes250 gr. de champiñón250 gr. de zanahorias tiernas250 gr. de guisantes250 gr. de cebollitas pequeñas y tiernas250 gr. de setas de cardo1 manojo de espárragos rábano redondo50 gr. de manteca de cerdo 1 cortada de tocino 1 trozo de codillo de jamón1 trozo de espinazo de cerdo250 gr. de cebollaSal

"," Cazuelita de verduras

Cocinar por separado las verduras ya cortadas.

En una cazuela, poner la manteca de cerdo, agregar el tocino e incorporar el codillo y el espinazo. Enseguida, añadir la cebolla.

Dejar cocinar suavemente con la cazuela tapada, agregando caldo.

Una vez cocido, verificar la sazón y pasar la salsa por el chino.

Llevar a fuego suave durante unos minutos y bañar la verdura con esta salsa."
https://www.recetas.com/receta-de-Crema-de-Jamon-1207.html,Crema de Jamón,,"1 taza de puré de verduras 1 loncha de Jamón cocido 1 cda. de caldo de ave

"," Crema de Jamón

Triturar el jamón, y agregar al picadillo el caldo de ave y la taza de caldo de verduras.

Mezclar bien y llevar al fuego a calentar."
https://www.recetas.com/receta-de-Empanadillas-de-queso-triangulares-1209.html,Empanadillas de queso triangulares,,"250 gr. de queso feta (queso blanco griego) 1 taza de queso gruyere rallado 1/2 taza de leche 2 huevos 1 taza de mantequilla derretida 10 hojas de masa hojaldrada 1 pizca de nuez moscada rallada

"," Empanadillas de queso triangulares

Aplastar el queso feta y colocar en un bol. Agregar los huevos junto con el queso gruyere (rallado previamente). Mezclar todos los ingredientes y añadir la leche y la nuez moscada.

Cortar las hojas de masa de hojaldre, untarlas con manteca.

Colocar una cucharada de la mezcla en una punta y doblar formando un triángulo.

Colocar en una fuente apta para horno, untada con mantequilla, y por último cocinar en horno moderado, hasta que la masa esté dorada."
https://www.recetas.com/receta-de-Ensalada-de-Arroz-1211.html,Ensalada de Arroz,,"1 taza de arroz largo50 gr. de atún en aceite30 gr. de guisantes cocidos1 cda. de cebolla picada1 cda. de aceite1/2 limónSal

"," Ensalada de Arroz

En una cacerola con agua salada, cocer el arroz.

Escurrirlo y pasarlo por agua fría.



Condimentar el arroz con el aceite, sal, limón, perejil y agregar la cebolla muy picada, el atún y los guisantes. Integrar todo muy bien.

Untar con mantequilla un molde y pone el arroz presionándolo con firmeza. Llevar unos minutos al frío y desmoldar."
https://www.recetas.com/receta-de-Ensalada-de-remolacha-y-huevo-1213.html,Ensalada de remolacha y huevo,,," Ensalada de remolacha y huevo

Preparación:

En un bol, incorporar lechuga picada a gusto junto con las remolachas peladas y cortadas en cubitos y los huevos duros picados."
https://www.recetas.com/receta-de-Espinacas-a-la-Catalana-1214.html,Espinacas a la Catalana,,"Ingredientes 2 manojos de espinacas

1 cda. de piñones

2 cdas. de pasas de Corinto

2 cdas. de aceite

"," Espinacas a la Catalana

Preparación:

Limpiar las espinacas y hervirlas. Escurrir.

En una sartén, echar unas cucharadas de aceite, las pasas, y después los piñones; incorporar las espinacas escurridas.



Dar unas vueltas a todo hasta que se mezcle y los piñones estén a punto."
https://www.recetas.com/receta-de-Flan-de-huevo-y-tomate-1217.html,Flan de huevo y tomate,,"1 huevo 1 cda. de salsa de tomate 1 cda. (de café) de almidón de maíz 1 cda. de mantequilla 1 cda. de aceite 1 taza (de café) de leche Sal

"," Flan de huevo y tomate

Preparación:

Calentar la mitad de la manteca y el aceite en una sartén. Agregar a leche (en la que previamente habremos disuelto el almidón de maíz). Sazonar.



Revolver con cuchara de madera hasta que esté lista la salsa bechamel, retirar del fuego y dejar reposar hasta que se entibie.

Añadir la yema del huevo (siempre mezclándolo bien), la salsa de tomate y la clara batida a punto de nieve, mezclándola de a poco.

Con la otra mitad de la manteca, untar un molde de flan.

Verter el preparado y cocinar a baño María en el horno hasta que cuaje."
https://www.recetas.com/receta-de-Mousse-de-Platano-1222.html,Mousse de Plátano,,,
https://www.recetas.com/receta-de-Muslos-de-pollo-al-champinon-1223.html,Muslos de pollo al champiñon,,"6 muslos de pollo cebolla pequeña1 cda. de harina1 vaso de vino blancoAgua200 gr. de champiñonesAceiteSal

"," Muslos de pollo al champiñon

Preparación:

En una cacerola, poner 5 cucharadas soperas de aceite y dorar los muslos. Retirar y reservar.

En la misma cacerola (retirando gran parte de la grasa que haya soltado el pollo) freír la cebolla picada, añadir la harina y remover con una cuchara de madera, echar el vino, mezclar y volver los muslos a la cacerola.



Cubrir con agua, tapar la cacerola y cocinar a fuego suave por 25 minutos.

A los 15 minutos, sacar los muslos, y pasar la salsa por la procesadora.

Volver la salsa a la cacerola junto con los muslos y los champiñones cortados, para que se terminen de cocinar."
https://www.recetas.com/receta-de-Acelgas-con-Patata-1191.html,Acelgas con Patata,,"Ingredientes 1 manojo de acelgas

1 patata mediana

Sal

150 gr. de aceite



"," Acelgas con Patata

Lavar y cortar la acelga. Pelar la patata y poner a cocinar junto con la acelga y un poquito de sal.

Cuando la patata esté cocida, poner en un plato y pisarla.

En una sartén poner el aceite y dorar la patata hasta que quede crujiente. Agregar la acelga cortada y mezclar, dándole un par de vueltas.

Rectificar de sal y servir."
https://www.recetas.com/receta-de-Acelgas-Rebozadas-1192.html,Acelgas Rebozadas,,," Acelgas Rebozadas

Para esta receta utilizar sólo las pencas de las acelgas, reservando la hoja para otros usos.

Cortar en trozos largos las pencas, retirándoles los hilos; hervir con agua ligeramente salada y cuando estén tiernas, escurrir.

Preparar una pasta con el huevo batido, harina y un poco de sal, tiene que estar espesa para que cubra las pencas.

En el momento en que vayan a servirse, rebozar y se freír en aceite caliente, hasta que queden bien doradas."
https://www.recetas.com/receta-de-Arroz-a-la-marinera-1193.html,Arroz a la marinera,,"1 taza de arroz (tamaño café) 1 hueso de rape 1 sepia pequeña 4 almejas 1 tomate 1 diente de ajo 1 rama de perejil 1 cda. de aceite Azafrán

"," Arroz a la marinera

Preparación:



Preparar un caldo con las almejas, el hueso de rape y medio litro de agua.

Limpiar la sepia y cortarla en trozos, sofreír en una sartén con aceite y agregar al recipiente donde se vaya a hacer el arroz.

En ese mismo aceite, poner el tomate picado con el ajo y el perejil, añadir el arroz y dar unas vueltas rápidas, vertiendo despues en el recipiente donde este la sepia.

Añadir tres tazas del caldo y llevar al fuego, agregar las almejas, las mollas que tenga el hueso de rape, y el azafrán.

Sazonar a gusto y dejar hervir hasta que el arroz esté cocido.

"
https://www.recetas.com/receta-de-Sopa-Parmentier-1179.html,Sopa Parmentier,,"1 lt. de agua400 gr. de papas30 gr. de mantequilla 2 yemas de huevo 70 gr. de nata líquidaTrozos de pan tostadoSal

"," Sopa Parmentier

Limpie el puerro, guardando solo la parte blanca y corte en rodajas finas.

Pele las papas, lávelas y córtelas en trozos.

Ponga el puerro y las papas en una olla con el agua y sal al gusto, y cocine durante 40 minutos.

Pase por el prensapapas y pongalo al fuego junto con la mantequilla.

Aparte, mezcle las yemas con la nata, retire la olla del fuego y, sin dejar de batir con una batidora manual, añada la mezcla a la crema hirviendo. Sazone al gusto.

Sirva acompañado de pan tostado."
https://www.recetas.com/receta-de-Fruta-frita-1135.html,Fruta frita,,"1 manzana pelada y cortada en gajos pera pelada y cortada en gajos1 banana cortada en rebanadasMantequilla2 o 3 cdas. de miel o mermelada de fresa

"," Fruta frita

En una sartén, poner la mantequilla y freír la fruta hasta que esté un poco blanda.

Añadir la mermelada o la miel y remover para que se impregnen.

Retirar cuando la fruta este blanda.

Servir con pancakes y acompañar con helado de crema."
https://www.recetas.com/receta-de-Frutas-con-yogurt-1136.html,Frutas con yogurt,,"1 mango1 manzanaAlgunas frutillas1 taza de yogurt sabor manzana u otro a gusto azúcar al gusto

"," Frutas con yogurt

Pelar el mango y sacar la pulpa, retirar el corazón y semillas de la manzana (sin pelar). Cocinar las frutas en 1/4 de taza de agua con poca azúcar a fuego medio.

Al momento de servir, lavar y cortar las frutillas, mezclarlas con la fruta y acompañar con el yogurt."
https://www.recetas.com/receta-de-Pastel-de-compota-de-frutas-1138.html,Pastel de compota de frutas,,," Pastel de compota de frutas

En un molde o fuente, colocar una capa de galletas María mojadas en jugo de naranja, y una capa de compota de frutas.

Repetir tantas veces como alcance la compota.



Intentar que la compota no esté muy líquida para que quede lo mas compacta posible y no moje mucho tiempo las galletas.

Bañar con la crema chantilly y espolvorear con canela molida."
https://www.recetas.com/receta-de-Bocaditos-de-pollo-1139.html,Bocaditos de pollo,,"1 taza de pollo cocido y deshebrado2 tazas de harina1 cda. de polvo para hornear1/2 cda. de sal1/2 taza de queso cheddar rallado6 cdas. de manteca vegetal2/3 de taza de leche aceite para freír

"," Bocaditos de pollo

Cernir la harina con el polvo para hornear y la sal, poner la mezcla en una superficie limpia y hacer una fuente en el centro.

Añadir al pollo, el queso y la manteca cortada en trozos.

Agregar la leche, poco a poco, y amasar hasta lograr una pasta firme (si es necesario, poner un poco mas de leche).

Tomar porciones y formar bolitas, freírlas en aceite caliente y escurrirlas sobre papel absorbente."
https://www.recetas.com/receta-de-Tortilla-de-espinacas-1156.html,Tortilla de espinacas,,," Tortilla de espinacas

Dorar la cebolla picada en un poquito de aceite, luego agregarle las espinacas bien escurridas y cocinar por 1 minuto.

Aparte, batir muy bien los huevos y agregar las espinacas: condimentar a gusto, revolver, y volcar la mezcla en la sartén.

Cocinar a fuego lento y con una tapa, dar vuelta la tortilla para que se cocine del otro lado."
https://www.recetas.com/receta-de-Formitas-de-pollo-1162.html,Formitas de pollo,,"1/2 kg. de supremas de pollo deshuesadasSal y pimienta a gusto1 yema2 cdas. de almidón de maíz Pan rallado c/n2 huevosAceite

"," Formitas de pollo

Cortar el pollo en cubos y luego procesarlo.

Colocar la pasta de pollo en un bol, salpimentar y agregar la yema, el almidón de maíz y 1 cucharada de pan rallado.

Mezclar con cuchara de madera hasta integrar bien.

Modelar la masa con las manos formando cualquier otra figura (a gusto) y reservar.

En otro bol, batir los huevos y salpimentar. Reservar.

En una fuente, colocar pan suficiente como para rebozar.

Pasar las formitas por la mezcla de huevo y, luego, por el pan rallado.

Colocarlas en una fuente de horno previamente pincelada con aceite.

Con la ayuda del pincel, aceitar un poco la superficie de cada formita.

Cocinarlas en horno moderado, de ambos lados, hasta que estén bien doradas y crujientes.



Pueden también freírse en aceite, aproximadamente 4 minutos por lado, hasta que estén bien doradas. Servirlas solas o con papas fritas."
https://www.recetas.com/receta-de-Crema-de-calabacines-1164.html,Crema de calabacines,,," Crema de calabacines

Rehogar en una cazuela con un chorro de aceite la cebolla, la papa y los calabacines, cubrirlo de agua, salpimentar agusto y añadir las porciones de queso.

Cuando la patata esté blanda, pasar todo por la batidora, y el puré resultante por un chino para quitarle cualquier trozo que haya quedado.

Servir con un hilo de crema o cubos de pan frito."
https://www.recetas.com/receta-de-Pure-de-calabaza-y-manzana-1165.html,Puré de calabaza y manzana,,," Puré de calabaza y manzana

Pelar la calabaza y la manzana, cortar en cubos y disponer en una fuente para horno.

Agregar 1/2 taza de agua y hornear aproximadamente media hora, removiendo de tanto en tanto, hasta que la calbaza esté tierna.

Retirar del horno, escurrir el líquido y procesar."
https://www.recetas.com/receta-de-Pure-de-pera-y-espinaca-1169.html,Puré de pera y espinaca,,," Puré de pera y espinaca

Lavar muy bien las espinacas.

En una cazuela, calentar la mantequilla y las espinacas hasta que estén tiernas.

Mientras tanto, en otra cazuela, poner a hervir la pera hasta que esté tierna.

Escurrirla y machacarla junto con las espinacas."
https://www.recetas.com/receta-de-Arroz-verde-1133.html,Arroz verde,,," Arroz verde

En una cazuela, rehogue el arroz con la manteca, a fuego lento, durante unos 10 min, revolviendo continuamente con la cuchara de madera hasta que esté dorado.

Agregue el caldo, salpimente a gusto, suba a fuego medio/alto y siga revolviendo hasta que hierva.

Baje a fuego lento, tape, y cueza durante unos 20 min.

Retire y reserve tapado.

Mientras tanto, en una sartén, rehogue a fuego medio la cebolla con el aceite por unos 5 min, mezclando continuamente.

Agregue la espinaca, baje la llama a lenta, tape y cocine 10 min.

Agregue las cebollas de verdeo y cocine revolviendo por 1 minuto más.



Incorpore la mezcla al arroz, junto con el perejil y el cilantro picados; mezcle y sirva."
https://www.recetas.com/receta-de-Arroz-con-carne-1131.html,Arroz con carne,,"350 gr. de arroz 1/2 kg. de carne picada de buey10 hojas menta (picadas)2 cebollas (picadas)1 cda. de albahaca 2 dientes ajo machacados1/2 lt. de salsa de tomate5 cl. aceite60 gr. de pasas corinto150 gr. de queso parmesanoSal

"," Arroz con carne

Rehogar la cebolla y el ajo, añadir la carne y luego la menta, la albahaca, la salsa de tomate, las pasas y los condimentos. Cocer todo junto por media hora.

Cocer el arroz en agua salada, escurrir y añadir a la carne. Agregar el queso rallado, remover unos minutos para integrar y servir."
https://www.recetas.com/receta-de-Fresas-con-requeson-gratinadas-1127.html,Fresas con requesón gratinadas,,"90 gr. de fresas (por persona)2 claras de huevo50 gr. de azúcar 250 gr. de requesón 40%25 gr. de azúcar lustre2 yemas y huevo Un poco de piel de limón rallada

"," Fresas con requesón gratinadas

Lavar las fresas y ponerlas en un recipiente enmantecado, que pueda ir al horno.

Mezclar los ingredientes de la masa de requesón en una fuente.

Batir a punto de nieve las 2 claras de huevo con 50 gr. de azúcar y unir a la masa de requesón.

Poner esta mezcla encima de las fresas y cocerlo unos 10 min en el horno a 220º C.

"
https://www.recetas.com/receta-de-Ensalada-de-tomate-y-manzanas-1125.html,Ensalada de tomate y manzanas,,"500 gr. de tomate 100 gr. de manzanas Hojas de albahaca 3 o 4 filetes de anchoas

"," Ensalada de tomate y manzanas

Cortar los tomates en gajos.

Pelar y cortar las manzanas en gajos.

Cortar los filetes de anchoas en 2 o 3 trozos.

Preparar el aliño aligerando la mayonesa con jugo de limón y sazonando con sal y pimienta.

Mezclar todos los ingredientes y colocar en una fuente."
https://www.recetas.com/receta-de-Pan-de-carne-1121.html,Pan de carne,,"750 gr. de carne de ternera picada250 gr. de carne de cerdo picada1/2 taza de cebolla picada en trocitos finos1 taza de migas de pan3 cdas.de ketchup1 cdta. de sal1/4 de cdta. de pimienta negraPepinitos en vinagre picados

"," Pan de carne

Calentar el horno a 200ºC.

Untar con aceite un molde.



Mezclar los ingredientes muy bien y poner la mezcla en el molde.



Llevar al horno caliente por 1 y 1/2 hora aprox., dejar enfriar unos 20 minutos, sacar del molde y cortar en rodajas."
