url,title,date,text,ingredients
https://www.recetasderechupete.com/receta-de-xarrete-y-huevos-fritos-con-puntilla/1469/,Receta de xarrete con huevos fritos con puntilla,2010-04-21 20:11:15+00:00,"Cómo preparar un xarrete a la gallega. Este fin de semana estuve en Galicia para celebrar el cumpleaños de mi padre y cena con los amigos en Allariz. Imaginaos que «hambre» pasé, seguro que he adelgazado unos 2 kilos… jeje. En la receta de hoy os voy a comentar uno de los 3 platos que hicimos los tres mosqueteros de la cocina, Rubén, Nacho y yo, para la cena en Allariz. En particular es la que preparó Nacho: «Xarrete con patatas acompañado de unos increibles huevos fritos con puntilla». Os aseguro que fue el plato estrella aunque Rubén y yo intentamos no quedar atrás con una ensalada fría de salmón y unos espaguetis con plátano y suave salsa de curry.

El amigo Garriga prepara esta receta con los ojos cerrados y dice que lo que más le gusta es acompañar esta carne tan jugosa con unos huevos fritos. A mí los huevos fritos no me salen muy allá y es que freir un huevo «bien» no es nada sencillo. Así que creo que el dicho de «No sabes ni freir un huevo» no es nada despectivo, al contrario, creo que va con doble sentido. Preparar un huevo frito ideal para mí es muy complicado, debe mantener líquida la yema, la clara cuajada y los bordes deben estar crujientes, lo que llamamos «puntilla» y que a Nacho le sale de rechupete. A mí me quedan normalillos, por eso lo mejor es seguir las indicaciones del chef Garriga sobre como prepararlos.

Para acompañar estos huevos Nacho tenía preparado del día anterior un xarrete a la gallega, perfecto. Para los que no esteis al corriente de la receta de xarrete, os digo que la carne de jarrete es muy jugosa, tiene mucha gelatina así que se corta como la mantequilla y se deshace en tu boca. Un gran plato típico de la cocina gallega y que se suele preparar en guiso. Espero que os guste.

Preparación del Xarrete a la gallega

Machacamos en un mortero el diente de ajo, añadimos el tomillo, el perejil y una cucharada de agua. Adobamos una hora antes el xarrete con la pasta anterior y sazonamos al gusto con un poco de pimienta y sal. Dejamos que vaya cogiendo todo el sabor de la pasta antes de cocinar. En la misma olla donde vamos a cocinar el guiso añadimos el aceite de oliva y marcamos el xarrete hasta que quede bien dorado, la carne empezará a soltar parte de su jugo. Retiramos la carne y reservamos. Picamos las cebollas y el pimiento en juliana. Sofreímos la cebolla y el pimiento rojo en el mismo aceite donde doramos la carne durante unos 10 minutos a fuego lento. Cuando el sofrito este bien dorado añadimos el xarrete y echamos el vaso de vino de manzanilla. Añadimos la hoja de laurel y rectificamos sal y pimienta. Dejamos que reduzca un poco, aproximadamente unos 10-15 minutos. Pelamos las patatas y las zanahorias. Cortamos las patatas en dados rompiendolas para que suelten todo su almidón y las zanahorias en rodajas lo más finas posibles. Añadimos a la olla las patatas, las zanahorias, los guisantes y la guindilla. Cubrimos todo con el caldo de carne. Tenemos 2 formas de preparar este xarrete: a fuego lento hasta que la carne esté tierna, aproximadamente unos 60 minutos o bien en la olla a presión durante unos 18 minutos, siempre esperando a que salga todo el vapor de la válvula de la olla antes de abrirla. Si lo preparáis el día antes para calentarlo lo mejor es usar la misma cazuela a fuego muy lento moviendo de vez en cuando para que no se pegue a la cazuela. Reservamos en un plato para luego poner los huevos fritos encima. Es importante tener una buena barra de pan, la salsa de esta receta es grandiosa. Adornamos el plato con unos pimientos del piquillo a los lados.

Preparación de los huevos fritos con puntilla

Lo más importante para que salgan bien los huevos con puntilla es tener una buena sartén antiadhente, un aceite de oliva de calidad, una espumadera manejable, huevos frescos a temperatura ambiente (a ser posible caseros) y una pizca de sal.

Para freir un huevo llenamos dos tercios de la sartén con aceite de oliva y la ponemos a fuego fuerte. El aceite debe estar bien caliente, cuanto más caliente esté más puntilla saldrá. Cascamos el huevo. Si no tenéis mucha práctica en este tema podéis ayudaros con el borde de una taza o vaso. Cuando el aceite esté bien caliente echamos el huevo a la sartén y le añadimos una pizca de sal. Ayudados por la espumadera empujamos un poco de aceite por encima de la clara y esperamos a que se haga la puntilla, sin pasarnos para que no se endurezca la yema. La puntilla la verás enseguida, es el borde crujiente del huevo. Recogemos el huevo con la ayuda de la espumadera y añadimos a un plato. Quedará un poco de aceite que hará la delicia de muchos con un buen trozo de pan. Ya véis que tiene su técnica, no es complicado pero tampoco es lo más fácil del mundo. Colocamos los huevos encima del plato de la carne y verduras. Y a comer.

Mery nos presenta un buen consejo: A mi me gusta cascar los huevos en un vasito o cuenco pequeño antes de echarlos a la sartén. Así me aseguro de varias cosas: que están buenos, que no se me cae ni un cachito de cáscara, y que los coloco en el centro del aceite de una sola vez. Es un truquillo muy recomendable tanto para los novatos como para los que no les guste dejar nada al azar :-)

Espero que os guste y la preparéis en casa. Otra recetilla gallega gracias al chef Garriga.","1 kg de Xarrete de Ternera gallega-4 patatas grandes-1 Pimiento rojo-4 Zanahorias grandes-2 Cebollas-1 diente de ajo-400 g guisantes pequeños-Aceite de oliva-1 vaso de vino manzanilla o vino blanco-Sal y pimienta negra (al gusto)-1 guindilla,tomillo, laurel y perejil-2 vasos de caldo de carne-6 huevos de casa-8 pimientos del piquillo"
https://www.recetasderechupete.com/gran-ripieno-de-espinacas-pinones-y-pasas-con-salsa-de-mejillones-y-setas/1454/,Gran Ripieno de espinacas con salsa de mejillones y setas,2010-04-15 19:59:17+00:00,"Si me leéis habitualmente ya conoceréis mi gran pasión por la pasta y la cocina italiana. No sólo intento adaptarla a los alimentos que hay en mi nevera sino que voy un paso más allá mezclando ingredientes no habituales en las recetas clásicas de pasta. Por eso en este blog podéis encontrar desde unos espaguetis con paté y verduras a una lasaña de verduras con bechamel de pimientos. Y eso es porque no siempre tengo los ingredientes exactos para tal o cual receta y termino cocinando una receta distinta aunque la base siempre sea la pasta.

De nuevo os presento una receta de pasta fresca de Giovanni Rana, tal como la anterior de Tagliatelle rosso con vieiras, que está muy buena y que os recomiendo. Hay una gran variedad de pasta fresca, normal o rellena, y aunque no sea tan buena como si la preparas tu mismo en casa te ayuda a cocinar un plato que gusta a toda la familia.

Este plato tiene 2 tipos de pasta rellena, una de berenjena y mozzarella y otra de espinacas, piñones y pasas. He mezclado dos envases que pensaba que podían combinar bien porque tenía 4 invitados a comer y con una sola bandeja no me llegaba. ¡Qué gran descubrimiento! dos rellenos que combinan perfectamente con la salsa que os explico a continuación. Espero que Raul y Carmen me dejen su comentario, creo que se fueron más que satisfechos de comer en casa el otro día. Gracias a los dos por traerme esos huevos de casa, esas cebollas con tanto sabor, kiwis, manzanas, ajos gigantes, patatas… la huerta gallega casi al completo. Da gusto tener estos invitados…jeje

Preparación de la salsa de mejillones y setas

Esta salsa es muy común en las zonas costeras gallegas, aunque no la he visto con setas. Tiene 7 ingredientes que la hacen de toma pan y moja: cebolla, ajo, tomate, pimiento, mejillones, setas y un buen blanco. Le he añadido un poquito de cayena molida para darle ese toque picante que tanto me gusta en la pasta. La combinación de sabor con los 2 rellenos de pasta que os presento se complementan muy bien. Y cómo no, esta salsa la puede emplear en multitud recetas.

Lavamos muy bien los mejillones en agua fría y quitamos todas las impurezas que vengan en la bolsa. Ponemos a calentar un vaso de agua en cazuela y cuando empiece a hervir añadimos una hoja de laurel y a continuación los mejillones. Lo dejamos cociendo 3 minutillos y en cuanto estén todos abiertos los retiramos con una espumadera. Dejamos enfriar y reservamos en un plato. El agua de la cocción no la vamos a tirar, la colamos y dejamos en un vaso. Sacamos los mejillones ayudados por un buen cuchillo, arrastrando toda la carne hasta que quede el interior limpio. Limpiamos los bien los filamentos y las conchas rotas que se quedan pegados al mejillón. Los reservamos en un plato. Lavamos bien las setas y cortamos en tiras. Reservamos. Picamos las cebollas, los dientes de ajo y el pimiento en trozos muy pequeños. Añadimos aceite a la sartén y sofreímos primero los dientes de ajo durante medio minuto, luego la cebolla y por último el pimiento verde todo a fuego lento 10 min hasta que esté pochadito, no debe quedar crujiente. Probamos y salpimentamos. Añadimos los mejillones y las setas en tiras. Echamos 1/2 vaso de vino blanco, la mitad del vaso del agua de los mejillones, el tomate pelado y la cayena molida. Dejamos que reduzca aproximadamente durante unos 15 minutos a fuego medio mientras removemos con una cuchara de madera y apartamos del fuego. Rectificamos sal y pimienta si lo necesitase y que reduzca un poco el jugo, 2 minutillos más. Removemos todo con suavidad. Una vez que ya tenemos la salsa reservamos para luego juntarla con la pasta.

Preparación de los Gran Ripieno

Os presento unos pasos fáciles para que la pasta os quede perfecta. No es que sea especialmente difícil pero todo tiene sus pequeños trucos, «sencillo… ma non troppo» que dirían los italianos (Fácil, pero no del todo). Vamos al tema.

Debemos tener la salsa preparada antes de que la pasta toque el agua. La salsa de setas y mejillones debe esperar a los gran ripieno y no al revés. Calentamos en una cazuela un litro de agua por cada 100 g de pasta fresca. Es la medida recomendada por persona excepto si tenemos apasionados/as de la pasta en casa. Estas proporciones, que normalmente vienen indicadas en los envases, ayudan a que la pasta no se pegue entre ella. Y siempre intenta utilizar una cazuela grande, la mayor de tu cocina. Si cocinas muchas veces pasta será muy útil comprar una cazuela para esas ocasiones, una buena inversión. Cuando empiece a hervir a borbotones echamos 1 puñado generoso de sal, unas 2 cucharadas rasas por cada 500 gramos de pasta. Seguidamente añadimos la pasta, siempre toda junta. Removemos con una cuchara de madera para que los gran ripieno no se peguen y queden sueltos. En el reverso del paquete de pasta viene el tiempo de cocción, debemos guiarnos por estas instrucciones porque para cada tipo es distinto, en este caso son 5 minutos. Una vez transcurrido el tiempo la escurrimos inmediatamente. Los rociamos con un poco de aceite de oliva.

Presentación","250 g de Pasta fresca ""Gran ripieno espinacas, piñones y pasas"" -250 g de Pasta fresca ""Gran ripieno berenjena y mozzarella"" -2 cebollas-4 dientes de ajo-Pimienta y Sal (al gusto)-6 cucharadas de aceite de oliva virgen extra-1/2 vaso de vino blanco (albariño o ribeiro)-1 pizca de cayena molida-1 pimiento verde-2 tomates pelados -150 g de setas tipo cardo-1 k de mejillones gallegos"
https://www.recetasderechupete.com/receta-de-pastel-de-manzana-y-mango/1395/,Receta de pastel de manzana y mango,2010-03-27 18:11:36+00:00,"Cómo hacer un pastel de manzana y mango.

Os presento un pastel o más bien un bizcocho muy ligero, similar al bizcocho de manzana y piñones que podéis encontrar en el blog.

Me gusta el sabor crujiente de una base de galleta así que se la añadí al pastel. En Galicia es muy común preparar postres con manzanas dado que abundan en los huertos de los pueblos y aldeas.

Se usan como base para la empanada de manzana, relleno de filloas, manzanas asadas, en buñuelos, tarta de hojaldre, mermeladas caseras, tarta de manzana, strudel de manzana, y cómo no, este bizcocho que os presento.

Infinitas recetas en las que la manzana es la reina, en este caso con manzanas reinetas que van genial para este postre.

Preparación

Para la base de galleta

Derretimos la mantequilla (usad el microondas, es más rápido, a temperatura baja unos 2 minutos). Con la picadora trituramos las galletas (si no tuvieseis, en un trapo de cocina echamos las 25 galletas y envolvemos para luego macharlas con una cucharada o algo pesado, no os queda tan fino pero sirve igual) y añadimos por encima la mantequilla derretida. Añadimos unas gotas de ron. Cogemos la mezcla de galleta y la repartimos por la base de un molde desmontable grande (en este caso era de 18 cm, con el de 22 cm también vale, pero te queda más fina). Apretamos contra el fondo con la ayuda de una cuchara o con los dedos e introducimos al horno unos 10 minutos a unos 180º para que se endurezca y se evapore un poco el líquido sobrante. Sacamos el molde y dejamos enfriar para rellenar con la crema con las manzanas y mango.

Para la tarta de manzana y mango

En un bol grande batimos los huevos con el azúcar hasta que doble su volumen, cuando ya estén así añadimos la leche y mezclamos bien con la batidora. En el mismo bol introducimos un pellizco de sal, la mantequilla líquida y la cucharada de esencia de vainilla. Batimos todo hasta que no queden grumos. Mezclamos la levadura con la harina y la echamos al bol anterior, volvemos a batir. Dejamos reposar 10 minutos. Mientras reposa pelamos las manzanas y quitamos el centro de las mismas. Las cortamos en láminas, con un tamaño similar a una patata frita. Es muy importante pelar y laminar las manzanas en el último momento porque al contacto con el aire se oxidan y quedan mal. Si preparáis este paso antes no olvidéis de añadir un poco de zumo de limón para que no queden con un color oxidado. Juntamos en un bol los trozos de manzana con la canela. Removemos con la mano hasta que quede todo bien mezclado, será lo que dé ese sabor magnífico al pastel. Quitamos la cáscara del mango y cortamos en láminas finas. Colocamos estas láminas de mango encima de la base de galleta, intentando que toda la base quede cubierta sin ningún hueco. Añadimos la crema con las láminas de manzana al recipiente con la galleta y el mango. Apretamos un poco las manzanas para que quede compacta. Precalentamos el horno a 200º durante 5 minutos. Introducimos el bizcocho en el horno (opción de calor arriba y abajo, en la bandeja media del mismo) a 190º durante unos 35 minutos. Los 5-10 últimos minutos, cubrimos el bizcocho con un poco de papel de aluminio y bajamos la temperatura a 170º para que no se nos queme (tal como comenté en alguna otra receta, todo depende del horno, siempre mirad con un tenedor, pinchad el bizcocho y cuando esté seco, retirad). Dejamos enfriar durante una hora. Desmoldamos y de rechupete, no lo dudéis

Os aseguro que es un pastel ligero, lleno de fruta y muy fresco, ahora que llega el buen tiempo apetece tomarlo como postre o merienda con un buen café o té.",120 g de harina-2 huevos-50 g de azúcar-1/2 sobre de levadura Royal-4 manzanas reinetas-1 pellizco de sal-50 g de mantequilla-1 cucharada de esencia de vainilla líquida-100 ml de leche entera-1 cuchara de canela molida-100 g de mantequilla (base galleta)-1 cucharada de Ron (base galleta)-20 galleta tipo María o tostada (base galleta)
https://www.recetasderechupete.com/receta-de-tagliatelle-rosso-con-salsa-de-vieiras-al-albarino/983/,Tagliatelle rosso con salsa de vieiras,2010-03-14 12:45:09+00:00,"Receta de Tagliatelle o tallarines con vieiras. Un plato con lo mejor de las 2 cocinas: la pasta fresca italiana, en este caso con un toque de tomate picante y las vieiras gallegas con una salsa regada con un buen caldo de las Rias Baixas.

Una receta de pasta un poco más elaborada digna de cualquier comida de festivo o domingo. Lo cierto es que últimamente me estoy aficionando a la pasta fresca, no solía preparar este tipo de pasta en casa hasta que hace unos meses la descubrí por casualidad en un mercado italiano.

Poco a poco la voy introduciendo en mis cenas diarias porque está de vicio, se hace en un plis-plas y va con cualquier cosa que tengas en la nevera. En conclusión… tienes una cena apañada y de rechupete en sólo unos minutos.

Así que en la compra semanal del súper siempre meto en la cesta alguna bolsa de este tipo de pasta, al final el precio no es mucho mayor que el de la pasta clásica y mientras la consumas en esa misma semana va perfecta. Hay una gran variedad de pasta fresca, normal o rellena, y aunque no sea tan buena como si la preparas tu mismo en casa te ayuda a cocinar un plato que gusta a toda la familia.

Es una receta de pasta que podemos encontrar en zonas costeras y que admite innumerables combinaciones, con mejillones, almejas, calamares o gambas estaría igual de buena. En el blog encontraréis alguna similar con pasta seca como estos espaguetis con almejas muy tradicionales en Italia.

La base de estas recetas marineras son una suave salsa de vino blanco que podemos servir en platos hondos, acompañando con parmesano o grana padano rallado, que añade potencia de sabor al plato. Espero que probéis a cocinarlos en casa, os aseguro que estarán de rechupete.

Preparación de la salsa de vieiras al vino

Esta salsa es muy común en las zonas costeras gallegas y tiene 4 ingredientes que la hacen de toma pan y moja: cebolla, ajo, vieiras y albariño. Normalmente se añade un poco de guindilla para darle un toque picante pero yo no se lo he añadido puesto que la pasta ya pica un poco. Y como no, esta salsa la puede emplear en multitud recetas. Picamos las cebollas y el ajo en trozos muy pequeños. Añadimos aceite a la cazuela y sofreímos la cebolla y el ajo a fuego lento durante unos 5 minutos hasta que quede casi transparente. Lavamos bien las vieiras y secamos con papel absorbente. Las troceamos en dos y separamos el coral de la vieira. Machacamos el coral con un tenedor y reservamos. Añadimos las vieiras a las verduras y cocinamos a fuego alto durante 2 minutos hasta que se doren. Salpimentamos y bajamos el fuego. Añadimos el vaso de albariño y subimos el fuego hasta que empiece a hervir. Bajamos la temperatura y dejamos que reduzca, que se haga la salsa durante 10 minutos. Cuando la salsa esté espesa añadimos el coral de las vieiras y removemos con una cuchara para que se junten los sabores. Rectificamos sal y pimienta si lo necesitase y que reduzca un poco el jugo, 2 minutos más. Removemos todo con suavidad. Una vez que ya tenemos la salsa reservamos para luego juntarla con la pasta.

Preparación de los tagliatelle

Os presento unos pasos fáciles para que la pasta os quede perfecta. No es que sea especialmente difícil pero todo tiene sus pequeños trucos, «sencillo… ma non troppo» que dirían los italianos (Fácil, pero no del todo). Vamos al tema.

El primer paso es tener la salsa preparada antes de que la pasta toque el agua. La salsa de vieiras debe esperar a los tagliatelle y no al revés. Calentamos en una cazuela un litro de agua por cada 100 g de tallarines. Es la medida recomendada por persona, excepto si tenemos apasionados/as por la pasta en casa. Estas proporciones, que normalmente vienen indicadas en los envases, ayudan a que la pasta no se pegue entre ella. Y siempre intenta utilizar una cazuela grande, la mayor de tu cocina. Si cocinas muchas veces pasta será muy útil comprar una cazuela para esas ocasiones, una buena inversión. Cuando empiece a hervir a borbotones echamos 1 puñado generoso de sal, unas 2 cucharadas rasas por cada 500 gramos de pasta. Seguidamente añadimos la pasta, siempre toda junta. Removemos con una cuchara de madera para que los tallarines no se peguen y queden sueltos. En el reverso del paquete de pasta viene el tiempo de cocción, debemos guiarnos por estas instrucciones porque para cada tipo de pasta es distinto, en este caso son 8 minutos. Es fácil de probar, en el interior de un tallarín tiene que quedar como un hilo de pasta cruda.

Presentación de los tallarines con salsa de vieiras","500 g de Pasta fresca ""Tagliatelle rosso"" o similar-2 cebollas-4 dientes de ajo-Pimienta negra recién molida y Sal (al gusto)-1 cuchara de orégano-6 vieiras-4 cucharadas de aceite de oliva virgen extra-Agua-1 vaso de vino blanco (albariño o ribeiro)-1 guindilla (si prefieres la receta más picante)"
https://www.recetasderechupete.com/receta-de-tosta-de-huevos-rotos-o-estrellados-con-jamon/1166/,Receta de Tosta de huevos rotos o estrellados con jamón,2010-01-06 17:41:56+00:00,"Recientemente os he presentado una receta de tostas con gulas. Hoy va a ser una original tosta que preparó Rubén en Allariz (Ourense) en la comida de Nadal.

Original por la mezcla de sabores: huevos de codorniz, patatas gallegas, cebolla caramelizada y jamón ibérico; éxito asegurado.

La receta tiene su origen en los típicos huevos rotos o estrellados que tengo publicado en el blog, pero con el toque distinto de la patata confitada y el huevo de codorniz (aunque su sabor es similar al de gallina en la tosta queda precioso).

Las tostas son una de las recetas estrella en el tapeo español, sobre todo en la zona del norte de España. Las mejores y más creativas las he probado en Bilbao y en Pamplona.

No he estado en muchos de estos concursos pero en los que he podido catar las mejores tapas han sido el de Compostela, Granada y Toro (Zamora). Podéis comentar al final de esta receta dónde se celebra el mejor concurso de tapas, así estaremos todos/as informados. Poned fechas y lugar para que sea más fácil el planificarse porque un buen fin de semana de tapeo no tiene precio.

Preparación de las tostas de huevos rotos

Hoy os presento un nuevo concepto: confitar. Suena un poco raro pero la verdad es que es un proceso bastante fácil y el resultado de rechupete. Confitar no es más que cocer un alimento en un buen aceite de oliva en la cantidad necesaria. El aceite no debe llegar a hervir y lleva su tiempo dependiendo del alimento. En este caso lo aplicaremos a las patatas pero se puede hacer con muchos alimentos, quizás uno de los confitados más famosos es el de perdices. Pelamos las patatas y las cortamos en láminas de 1 cm. Echamos en una cazuela o en un cazo unos 400 ml de aceite y calentamos a fuego medio durante unos 3 minutos, luego bajamos a temperatura baja e introducimos las láminas de patata. La patata tiene que estar totalmente sumergida, no os preocupéis por usar mucho aceite de oliva porque se puede utilizar para otras recetas y últimamente el precio ha bajado mucho, a ver si sigue así. El aceite debe estar caliente pero que nunca llegue a hervir. Dejamos cociendo durante unos 20 minutos a temperatura baja hasta que quede blandita, podemos ir probando con un tenedor para ver como avanza la cocción. Sacamos las patatas, retiramos de la patata el aceite sobrante con un poco de papel absorbente y salamos con sal fina. Reservamos. Picamos unas lonchas de jamón en la picadora o a mano, como más os guste. Reservamos. Preparamos la cebolla ligeramente caramelizada con un poco de miel. Tenemos que pelarla y cortarla en rodajas muy finas. En una cazuela añadimos un poco de aceite de oliva y siempre a fuego bajo introducimos toda la cebolla. Cuando veamos que empieza a soltar agua subimos un poco la temperatura para que se dore. Bajamos el fuego y salpimentamos, removemos con una cuchara de madera durante unos 5 minutos y añadimos 1 cucharada grande de miel. Removemos para que se caramelice y cuando veamos que la miel se está pegando a la cebolla retiramos a un plato. A continuación haremos los huevos de codorniz. Añadimos un chorrito de aceite de oliva a una sartén, calentamos y añadimos los huevos a la sartén. Los vamos a preparar como si fuesen a la plancha pero sin darle la vuelta, quedarán tostaditos por abajo y poco hechos por encima. A cada huevo le echamos un poco de sal y pimienta negra. Reservamos en un plato. Ahora que ya tenemos todos los ingredientes de la tosta preparados y listos para montar vamos a por el pan. Cortamos el pan en lonchas de 2 cm. de ancho y tostamos ligeramente en la sartén. Al mismo tiempo vamos calentando la cebolla y la patata un poco en el micro para que salga la tosta bien caliente. Colocamos sobre el pan la cebolla, luego la patata confitada, encima el huevo de codorniz y por último el picadillo de jamón ibérico. Podemos adornar con un poco de perejil. Presentamos estas tostas en un bonito plato y adornamos con un ligero toque de un buen aceite de oliva.

Estas tostas se han de servir inmediatamente y bien calientes, esto último es importante. Espero que os gusten. ¡Bo proveito!

Os animo a que visitéis más recetas de tapas, aperitivos y pinchos deliciosos para una velada inolvidable con los vuestros. Perfectas para una cena ligera, una fiesta o porque sí, una manera deliciosa de compartir la comida con los amigos y la gente a la que queréis.",8 tostas de pan o una bolla de pan de pueblo-2 cebollas-1/2 l de aceite de oliva virgen extra-8 huevos de codorniz-2 patatas grandes-Sal y pimienta (al gusto)-2 lonchas de jamón ibérico-1 cucharada de perejil picado para adornar-1 cucharada de miel para caramelizar
https://www.recetasderechupete.com/receta-de-coulant-de-turron-de-xixona/1061/,Receta de coulant de turrón de Jijona,2009-12-06 20:10:19+00:00,"Os presento el coulant de turrón, un postre ideal para estas fechas navideñas que se aproximan. Este postre es una variedad del anterior coulant de chocolate.

Este estupendo postre es simplemente un bizcocho caliente con una estructura crujiente por fuera y crema de turrón por dentro, pero no deja indiferente. Es una receta para los más turroneros, ya tengo todo previsto para que sea el postre de Nochebuena o del día de Nadal, espero que le guste a toda la familia. Ya os contaré.

Después de realizar 2 intentos os presento la receta final, mi gran problema fue encontrar la cantidad justa de harina para que la estructura soporte toda la crema interior. En realidad es un postre muy fácil pero tenéis que seguir los pasos de la receta y los ingredientes al dedillo.

Hoy tengo cena de los amiguetes de basket y los voy a tener como conejillos de Indias…jeje. Seguro que no van a quedar defraudados porque ya he hecho pruebas con el postre a mediodía y queda estupendo.

Tal como os comenté en el coulant de chocolate, podéis congelarlo y así sólo tendréis que meterlos en el horno mientras esteis con el 2º plato y tendréis un postre estupendo al gusto de todos en 10 minutos. Este postre no os defraudará en absoluto

Preparación de los Coulant de turrón

Lo primero es hacernos con los envases, yo los he comprado en Mercadona. Los típicos para flanes de papel aluminio, vienen 12 y están a 1,40€. Perfecto. Untamos las 10 flaneras con mantequilla sin sal y espolvoreamos con harina. Separamos las claras de las yemas y las batimos a punto de nieve como si fuese merengue. Por si no sabeis hacer el merengue, el truco para que te salga sin problemas es mezclar las claras de huevo a temperatura ambiente (no demasiado frías) con una pizca de sal y después echar el azucar. Batimos un poco más hasta que suban y queden firmes, en el bol no debe haber ni un sólo resto de grasa o las claras no subirán. Luego manejad el merengue con una espátula de silicona. Batimos las yemas con una cucharada de azúcar glass hasta que hagan espuma. Añadimos un pellizco de sal y la canela en polvo. Removemos con una cuchara de madera. En el mismo bol donde tenemos la crema de las yemas añadimos la harina tamizada y removemos con una espatula de silicona hasta que no queden grumos. Añadimos las claras a punto de nieve y mezclamos poco a poco hasta que quede todo ligado. Partimos el turrón en trozos pequeños. Luego ponemos la nata en una cazuela a calentar sin que llegue a hervir y añadimos los trozos de turrón. Apagamos el fuego y batimos hasta que nos quede una crema espesa. Juntamos la crema de turrón de Xixona con la anterior crema y mezclamos bien con una cuchara o espátula de silicona. Metemos toda la crema del coulant en una manga pastelera, así será más fácil rellenar los envases. Sino tenéis manga usad un cucharón. No rellenéis todo el envase puesto que el bizcocho crece en el horno.

Horneado de los coulant

Precalentamos el horno a 200º C. A los 5 minutos bajamos a 180º C Aquí tenemos 2 opciones: Si congelamos los coulant, introducimos en el horno durante aproximadamente 15-16 minutos. Cada horno es un mundo, esto sólo lo sabréis haciendo pruebas, en el mío con 15 minutos queda perfecto.

Si la masa está recién hecha, metemos los moldes de coulant al horno durante 9-10 minutos. Dejamos enfriar un par de minutos y desmoldamos en un plato. Podemos espolvorearlo con un poco de cacao en polvo. Este postre debe de tomarse caliente aunque le va genial una bola de helado, el contraste es fabuloso. Y para los más atrevidos puede presentarse con un poco de crema inglesa de vainilla o con chocolate caliente.

Y lo mejor de todo tal como os dije es que el coulant resulta facilísimo de hacer y es una receta estupenda para sorprender a la familia en Navidad. Otra manera distinta de comer turrón en Nadal.",300 g de turrón de Jijona-6 huevos medianos-1/2 cucharadita de canela en polvo-50 g de azúcar glass-100 g de harina de repostería-200 ml de nata líquida-1 pizca de sal-Mantequilla para untar los moldes
https://www.recetasderechupete.com/receta-de-tarta-de-castanas-y-almendra-lucrecia/967/,"Receta de tarta de castañas y almendra ""Lucrecia""",2009-11-04 20:07:58+00:00,"Compañeiros de la cocina, hoy os presento una tarta de castañas más ligera que la de la semana pasada. Le he puesto el nombre de mi abuela porque ha sido una de las tartas de cumpleaños que hemos preparado para ella, mi prima Patricia presentó una tarta de 3 chocolates y mi hermana Nuria un tiramisú.

Somos una familia de larpeiros/as (golosos), mi tía Anita dice que es el turno de cocinar de las nuevas generaciones. Tres tartas para trece comensales… jeje, y el plato principal fue cocido gallego (mi próxima receta). La comida fue muy importante pero lo mejor fueron los 87 añitos de mi abuela Lucrecia.

Este fin de semana he comprobado que Galicia está llena de castañas, mires donde mires, desde el souto del pueblo a los puestos de castañas asadas en las esquinas de la ciudad. No dudéis en hacer alguna receta con este fruto de temporada. Yo estoy a la espera de las primeras castañas secas o pilongas para poder cocinar con ellas durante todo el año.

Para la base de galleta y almendras

Derretimos la mantequilla (usad el microondas, es más rápido, a temperatura baja unos 2 minutos). Con la picadora trituramos las galletas (si no tuvieseis, en un trapo de cocina echamos las 25 galletas y envolvemos para luego macharlas con una cucharada o algo pesado, no os queda tan fino pero sirve igual) y añadimos por encima la mantequilla derretida. Trituramos tambien las almendras y la tamizamos quedando por un lado una especie de harina y en el colador los trocitos de almendra picada. La harina la añadimos al paso 1 y juntamos todo con la mano. Las almendras picadas las reservamos para la crema. Añadimos una cucharada de ron. Cogemos la mezcla de galleta y la repartimos por la base de un molde desmontable grande (en este caso era de 22 cm). Apretamos contra el fondo con la ayuda de una cuchara o con los dedos e introducimos al horno unos 5 minutos a unos 190º para que se endurezca y se evapore un poco el líquido sobrante. Sacamos el molde y dejamos enfriar para rellenar con la crema de castañas y almendra.

Preparación de la crema o puré de castañas:

En la anterior tarta de castañas que os presenté la semana pasada os explicaba como preparar harina de castaña, en este caso lo que vamos a utilizar son los trocitos de castaña del paso 3. Así os explico como preparar puré de castañas, su preparación es muy sencilla, una vez hecha podemos usarla para más postres o congelarla.



Lo primero es asar las castañas en el horno, para ello es importantísimo que les hagamos un pequeño corte para que cuando se estén asando no exploten en el horno. Una vez asadas las pelamos y las dejamos sin cáscara que vaya enfriando (tal como la foto 2) Para el proceso de triturado lo mejor es partirlas con ayuda de las manos en el bol de la trituradora y a velocidad rápida dejamos que nos quede como las de la foto 3. El siguiente paso es pasar estas castañas picadas por un colador y tamizar con el mismo hasta que nos quede una harina parecida a la de la foto 4. Esta harina es la que va a dar ese sabor tan sabroso a la tarta. Para preparar el puré lo único que necesitamos es introducir las castañas picadas (foto 3) en un cazo con leche y hervir a fuego bajo con un pellizco de sal hasta que estén blandas. Yo le he añadido tambien un sobre de azúcar avainillado, vamos removiendo con una cuchara de madera y luego batimos hasta que nos quede una crema consistente de textura parecida al puré.

Preparación de la tarta de castañas y almendras:

En un bol ponemos los huevos y el azúcar. Batimos hasta que quede una mezcla homogénea, cremosa y no demasiado espumosa. Ponemos la nata a calentar en un cazo a fuego medio. Cuando esté caliente (sin que hierva, solo caliente) echamos el puré de castaña. Dejamos a fuego bajo que se junte todo ayudándonos con una cuchara de madera o unas varillas. Apagamos el fuego y apartamos la mezcla. Añadimos la mezcla de huevo y azúcar, removemos bien sin batir y dejamos reposar fuera del fuego. Introducimos los bizcochos de soletilla y machacamos con un tenedor, batimos todo con la batidora hasta que quede una crema espesa. Añadimos a la mezcla los trocitos de almendra picada que reservamos anteriormente. El siguiente paso es verter sobre la base de galletas (tiene que estar fría sino se levanta) toda la mezcla que tenemos reservada y la introducimos en el horno precalentado a 190º grados entre 45-50 minutos (tal como comenté en alguna otra receta, todo depende del horno, siempre mirar con un tenedor que se quede seco). Cuando la tarta lleve unos 15 minutos en el horno adornamos con las castañas peladas y tostadas (en mi caso he comprado en Mercadona una bolsa que cuesta 1 euro de la marca Casa Pons, trae unos 100 gr). Los 5 últimos minutos la gratinamos para que quede con una superficie tostada. Retiramos del horno y dejamos enfriar en la nevera durante unas horas. Preparamos un almíbar ligero con azúcar y un poco de agua. Pintamos la superficie con un pincel de silicona para darle ese toque brillante. Así conseguiras un acabado profesional y dulce. Desmoldamos y que aproveche.

¡Gracias compañeiros/as de la cocina! Otra tartita de castañas, se me han acabado las provisiones así que por ahora no creo que haga ninguna receta más de castañas.",150 g de almendras-300 ml de nata líquida-150 ml de leche entera-4 cucharadas de azúcar-4 huevos grandes-25 galleta tipo María o tostada.-100 gs. de mantequilla.-1 cucharada de Ron-1 cucharada de azúcar avainillado-100 g de castañas picadas-100 g de castañas peladas y tostadas Casa Pons-1 pizca de sal-6 bizcochos de soletilla-100 ml de agua para el almibar
https://www.recetasderechupete.com/receta-de-galaktoboureko-o-pastel-de-leche-griego/731/,Receta de Galaktoboureko o Pastel de leche griego,2009-09-03 09:21:26+00:00,"Esta receta es muy fácil de preparar y a la vez es un postre delicioso, muy cremoso por dentro y crujiente por fuera. El Galaktoboureko (γαλακτομπούρεκο) es uno de los postres más típicos de la repostería griega. Básicamente es masa de hojaldre o pasta filo con una crema de natillas. No tiene un patrón específico, dependiendo de la zona de Grecia lo preparan de una manera o otra. El que yo os presento es el clásico galaktoboureko adornado con caramelo y canela en vez de presentarlo con almíbar. No voy a engañaros con lo de las calorías, no es un postre tan denso y calórico como el baklava pero es contundente, si lo mezcláis en estas fechas con un poco de helado os encontraréis con una receta sencilla y muy rica. ¡A por ella este fin de semana!

Preparación del pastel de leche

Batimos los huevos con el azúcar hasta que el líquido saque un poco de espuma. Continuamos batiendo durante otros 2 minutos mientras vamos añadiendo la sémola, el jugo de limón, la cáscara rallada de limón y de la naranja. Continuamos batiendo y agregamos la leche y las 2 cucharadas de la mantequilla derretida. Batimos aproximadamente durante otros 6 minutos hasta que quede como una crema ligera. Vamos precalentado el horno a 180º C para que cuando metamos el galaktoboureko esté caliente. Introducimos el relleno anterior en una cazuela y calentamos a fuego medio durante 3-4 minutos hasta que nos quede como una bechamel, siempre batiendo con unas varillas para que no queden grumos en la crema. Retiramos del fuego y dejamos que enfríe. Untamos con la mantequilla la mitad de las hojas de pasta filo y las ponemos en un molde de bizcocho previamente engrasado con mantequilla. Las láminas irán superpuestas, en este caso son 5 hojas, y dejamos que sobresalga por los lados del molde, como si fuese una tarta de manzana. El resto serán para cubrir el pastel. Añadimos la crema de leche en el recipiente. Repartimos uniformemente la crema en la parte inferior del molde y a los lados, sin vacíos y sin burbujas de aire. Y al final envolvemos la crema con los bordes de la pasta filo sobrante de los lados. Cubrimos con el resto de las láminas el molde presionando un poco para que no quede nada de aire y marcamos la pasta filo ligeramente con un cuchillo dibujando unos rombos o cuadrados (esto es para adornar pero tambien para que luego con el almibar o caramelo se empape bien). Metemos el galaktoboureko a 180º C durante unos 30 minutos hasta que quede cuajada la crema y se dore la pasta filo de encima. Preparamos el almíbar o caramelo introduciendo en una cazuela el agua y cuando esté en ebullición añadimos el azúcar y la cucharada de limón durante 10-15 minutos a fuego medio hasta que quede con la consistencia y el color de la miel. Dejamos que se temple para echarlo cuando saquemos el pastel del horno. Sacamos el pastel del horno y le añadimos el caramelo. Dejamos que se enfríe unas 2-3 horas y lo servimos espolvoreado con un poco de canela (esto es opcional).

Os aseguro que esta muy bueno y es bastante fácil, era la primera vez que lo hacía y no tiene mucha ciencia. Y lo puedes dejar en la nevera varios días que esta igual de bueno o más aún que el primero.","6 huevos-300 g de azúcar-150 g de sémola fina-250 g de mantequilla-1 cucharada de cáscara rallada de limón-1 cucharada de cáscara rallada de naranja-1 l de leche entera-10 láminas de pasta filo ""Feuilles de FILO""-1 vaso de agua-1 cucharada de zumo de limón-5 cucharadas de azúcar-1 cucharada de canela molida"
https://www.recetasderechupete.com/receta-de-empanada-de-zamburinas-a-la-gallega/806/,Receta de empanada de Zamburiñas a la gallega,2009-08-23 18:41:53+00:00,"Buenas cociner@s, después de unas merecidas vacaciones ya estamos de vuelta en el hogar y este fin de semana siguiendo un poco con recetas gallegas os presento otra empanada. En Galicia tenemos una gran variedad de empanadas, esta semana la he rellenado de zamburiñas.

Para aquellos que no sepais lo que son, la zamburiña es un molusco bivalvo parecido a la vieira e idéntico sabor pero de menor tamaño. Las zamburiñas también están buenísimas gratinadas o a la plancha, donde conseguimos captar todo su exquisito sabor.

La masa como siempre la he hecho siguiendo la receta de masa de empanada que prepara mi madre.

Recordad que la empanada es una receta abierta, admitiendo un sinfín de variaciones, tantas como clases de ingredientes intervengan en el relleno: bacalao con pasas, vieiras, raxo, sardinas, congrio, almejas, anguilas, chipirones, mejillones, vegetales, zorza, xoubas… hasta donde te lleve la imaginación y claro está, todas buenísimas.

Preparación de las zamburiñas

Ponemos las zamburiñas limpias a remojo durante 2-3 horas para quitarles la arena que suelen traer, mejor de toda la noche, así nos aseguramos que no nos van a estropear la receta. Reservamos. Abrimos las zamburiñas cociéndolas en una cazuela con un dedo de agua, una hoja de laurel y una pizca de sal, con 2-3 minutos a fuego alto llega de sobra. Colamos el caldo y les quitamos las cáscaras. Reservamos las zamburiñas sin cáscara. El caldo lo podemos congelar para un arroz o un guiso de pescado. Si no podéis conseguir zamburiñas con su concha no pasa nada, se venden en la sección de congelados unas zamburiñas ya limpias (no es lo mismo, pero para un emergencia valen bien). Eso sí, conviene ponerlas también a remojo por el tema de la arena. Introducimos en una cazuela 4 cucharadas de aceite y cuando esté caliente echamos 3 cebollas muy picadas. Las pasamos unos 8 minutos a fuego medio hasta que queden transparentes y pochaditas. Mientras, picamos el pimiento y los dientes de ajo muy picados. Pelamos el tomate y lo cortamos en dados pequeños. Cuando el sofrito este bien blandito echamos el pimiento, el ajo y el tomate a la cazuela durante otros 8 minutos a fuego lento. Añadimos las zamburiñas, el azafrán, el pimentón y salpimentamos todo al gusto. Pasamos el relleno unos 5 minutos hasta que cambie de color, se acabará de hacer en el horno. Dejamos enfriar para que luego no nos ablande la masa. Rectificamos con sal y pimienta aunque lo más seguro es que no haga falta. Removemos unos minutos y apartamos.

Preparación de la empanada

Dividimos la masa de la empanada en dos partes similares. Las amasamos otra vez en dos bolas de masa para poder trabajar bien con ellas. Enharinamos la encimera de la cocina y estiramos la masa con el rodillo. Hacemos la base que tendrá el tamaño de la bandeja de horno que en mi caso es rectangular. La estiraremos lo más fina posible con ayuda del rodillo. Ponemos sobre la bandeja un trozo de papel para horno y encima la base cortando el sobrante si se necesitara. Añadimos el relleno con las zamburiñas bien escurrido de aceite (escurrido pero algo aceitoso y jugoso para que salga bien rica) y lo estiramos por toda la base. Es muy importante que el relleno este frío para que la masa aguante bien. Tapamos con la otra mitad bien estirada y la sellamos por los bordes trenzando la parte inferior sobre la superior con la ayuda de un tenedor. Hacemos un pequeño agujero en el centro para que respire la empanada y con un tenedor pinchamos por distintas zonas, así no hinchará. Adornamos con tiras o cordones de la pasta sobrante. Pintamos la empanada con ayuda de una brocha de cocinar y una mezcla de huevo batido con un poco de leche (es un pequeño truco para que quede dorada pero no se queme). Precalentamos durante 5 minutos el horno a 180ºC y luego metemos la empanada a la misma temperatura, primero en la parte de abajo del horno (unos 20 minutos) y luego otros 25 minutos en el centro. Cuando este bien doradita la sacamos.

¡Y al fin la empanada! Tened cuidado al sacarla de la bandeja porque aún estará caliente y es fácil que se rompa. Cortadla cuando este templada y buen provecho. Para cortarla lo mejor es usar una buena tijera.

Consejos: Podéis añadirle también jamón muy picado, le da un toque muy sabroso. Y otra opción es añadirle una cucharada de perejil picado cuando le echamos el ajo, le da otro sabor.

No dejéis de disfrutar de todas las recetas de pescado y marisco que tenemos en el blog, os aseguro que encontraréis un montón de ideas para hacer mucho más felices a los vuestros.",500 g de masa de empanada-3 cebollas-2 k de zamburiñas con concha-1 pimiento rojo-1 tomate grande-2 dientes de ajo-Sal y pimienta (al gusto)-1/2 cucharada de azafrán-Aceite de oliva (5 cucharadas)-1 hoja de laurel-1 cucharada de pimentón dulce
https://www.recetasderechupete.com/receta-de-fideos-japoneses-udon-noodle-con-pollo-al-curry/509/,Receta de Fideos japoneses (Udon Noodle) con pollo al curry,2009-05-28 21:48:27+00:00,"En casa somos unos apasionados de este tipo de pasta japonesa. Aunque normalmente se suele preparar con sopa de miso en este caso la he preparado como si fuesen tallarines normales al estilo asiático. Me acompaña desde hace unos años un wok que es con el que preparo verduras, arroces y pasta para platos asiáticos y la verdad es que queda todo muy bueno.

Este es uno de ellos, hacía por lo menos un año que no lo preparaba, desde mi viaje a Vietnam. En el blog encontraréis varios platos con fideos, la mayoría son recetas con pollo, aunque podéis tunear vuestros fideos con los ingredientes que más os gusten.

El udon es un tipo de fideo grueso hecho de harina, popular en la comida japonesa. Fue importado a Japón desde China en el siglo VI. Este udon original tenía de 2 a 3 cm. de diámetro y era una plana tortilla en forma de «fideo» añadido a la sopa de miso.

Son normalmente servidos en un caldo a base de dashi, salsa de soja y mirin. Después se les añade encima unos o varios ingredientes. Pero tal como os acabo de comentar estos que he preparado hoy no llevan sopa de miso. En alguna receta ya os enseñaré a prepararlos. Espero que os gusten este tipo de fideos y los preparéis en casa, os aseguro que están será una receta de las que se convertirán en un clásico.

Preparación de la pasta

Calentamos en una cazuela grande dos litros de agua. Cuando empiece a hervir echamos el contenido del paquete Nittin noodle. Aunque la mayoría de las veces este tipo de fideos japoneses ya vienen cocidos los echamos a la cazuela para que estén calientes. Calentamos durante 1 o 2 minutos. Removemos los noodles con una cuchara de madera para que no se peguen y queden sueltos. Escurrimos inmediatamente y los echamos al wok directamente. Si no queréis tener un cacharro más a lavar pasad de este apartado…

Preparación de las verduras y el pollo en el wok

Pelamos el diente de ajo y el jengibre (este lo rayamos lo más fino posible). Reservamos los 2. Picamos las cebollas en 4 cuartos, para que queden en medias lunas. Añadimos el aceite al wok y sofreímos las cebollas con el diente de ajo y el jengibre, este proceso es muy rápido. En menos de 5 minutos está hecho, la gran cualidad del Wok es su rapidez a la hora de cocinar y que la comida casi no lleva aceite. Reservamos en un bol. Troceamos los pimientos (el rojo y verde) en juliana. Introducimos en el wok igual que antes, echamos un poco más de aceite, aunque va a quedar el jugo que sueltan las distintas verduras que nos ayudará a cocinar el resto de los ingredientes. De 5 a 7 minutos a fuego medio. Los pimientos nos tienen que quedar crujientes al paladar. Reservamos en el bol con las cebollas. Cortamos la pechuga de pollo en trozos grandes y los introducimos en un cuenco o bol. Salpimentamos y añadimos un chorrito de salsa de soja (lo mejor es tener el pollo unas 2 horas macerando antes de prepararlo). Echamos al wok y pasamos enseguida (unos 3-5 minutos a temperatura alta) con la verdura. Retiramos en el mismo bol de las verduras. Troceamos y lavamos muy bien las setas, las pasamos en el wok durante 3 minutos a fuego medio y reservamos en el bol. Echamos todo al wok y espolvoreamos todo con 2 cucharadas generosas de curry. Removemos todo con cuidado con una cuchara de madera. 3-5 minutos a fuego alto. Introducimos los noodles en el wok. Removemos todo con suavidad y los dejamos durante 1 minuto más a fuego medio. Apartamos del fuego y echamos los brotes de soja. ¡Y ya está!. Servidlos recién hechos.

Es un plato rápido, delicioso y muy barato. Si quieres sorprender a alguno de tus amigos que le guste la comida asiática aquí tienes un plato de éxito que no te lleva más de 30 minutos. Nos vemos en la siguiente receta queridos/as cocineros/as.",2 cebollas-1/2 pimiento morrón-100 g de brotes de soja-150 g de carne de pechuga de pollo-Sal y pimienta negra recién molida (al gusto)-2 cucharadas de curry-1 paquete de Japanese Noodel (Udon) 800 g-1 diente de ajo-Un poco de jengibre-Setas variadas-Aceite de sésamo (2 cucharadas)-1 cucharada de salsa de soja-1 pimiento verde
https://www.recetasderechupete.com/receta-de-bizcocho-de-cerezas-de-vilarino/487/,Receta de bizcocho de cerezas de Vilariño,2009-05-21 18:16:39+00:00,"¡Tiempo de cerezas! A quién no le gustan estas relucientes y rojas cerezas, una de las mejores fuentes frutales de antioxidantes, que ayudan a prevenir muchas enfermedades asociadas a la vejez.

No se si me quedaré jovenzuelo para siempre pues cuando llega la temporada de esta fruta, puedo llegar a comer cerezas hasta aburrirme. La verdad es que soy muy afortunado, mi padre tiene un trocito de paraíso en forma de huerto en medio de la Ribeira Sacra en Ourense. Allí tenemos un poquito de todo, kiwis, melocotoneros, manzanos, perales, nísperos y muchísimos cerezos.

Este bizcocho es muy similar en apariencia al Clafoutis de cerezas, una de las tartas más famosas de la cocina francesa, en la preparación más popular de esta tarta se suele usar la cereza entera, con su hueso. Dicen que confiere un peculiar sabor que recuerda a la esencia de almendra, una característica muy apreciada por los buenos gourmets.

El que os presento hoy está hecho con cerezas deshuesadas del huerto de Tony el padre de mi amiga Mónica, me regaló una caja de las que tiene en Vilariño, un pueblo muy cercano al mío. Os puedo asegurar que el sabor dulzón no tiene que ver con las que puedes comprar en el supermercado, sólo muy cercanas en sabor a las famosas picotas del Jerte. Estas últimas son una gran recomendación para preparar este postre y que te quede de rechupete.

Las cerezas tienen una fibra soluble que ayuda a controlar los niveles de colesterol malo en la sangre, además tiene una aporte considerable de vitamina C, A, b3, carotenos y potasio.

No voy a deciros que este bizcocho no engorde pero es una opción fantástica para tomar con un café por la mañana, mucho mejor que cualquier bollo industrial que os podáis imaginar. Aprovechad la fruta de temporada para preparar vuestros postres y además de ricos os aseguro que os saldrán muy económicos.

Preparación de las cerezas

Lavamos bien las cerezas y las cortamos en 2 para sacar el hueso. Apartamos en un plato. En una cazuela echamos 2 cucharadas de mantequilla y calentamos hasta que nos quede líquida. Añadimos las cerezas y cuando empiecen a soltar su jugo echamos una cucharada de brandy y 50 ml de ron añejo. Removemos de vez en cuando y las dejamos cociendo durante 10 minutos a fuego medio. Nos quedará casi como una compota pero no tan hecha. Retiramos y dejamos enfriar. Si no tenéis oportunidad de conseguir cerezas frescas, podéis emplear las famosas guindas en conserva o las cerezas congeladas que durante todo el año tenéis en cualquier supermercado. Incluso podéis tunear este bizcocho con frutas rojas congeladas, arándanos, grosellas y moras le irán igual de bien. Pero tenéis que tener cuidado para que no se queden al fondo del postre. Si le añadimos azúcar podemos llegar a conseguir una estupenda mermelada de cerezas que nos puede servir para otras recetas o como un acompañamiento genial para una simple tostada. La única diferencia es que mientras las cocemos a fuego lento, añadiremos el azúcar y aumentamos el tiempo de cocción a 30 minutos, para que pille la consistencia de mermelada. Es importante también no triturar demasiado las cerezas con la batidora al final del proceso, mi consejo es pasarlo por un pasapurés. Ya veréis que acierto.

Preparación del bizcocho de cerezas

Lavamos muy bien la naranja y la rallamos sin llegar a parte blanca, que puede llegar a amargar. Reservamos. Para que os sea más fácil la preparación de este bizcocho y que os salga perfecto debemos tener todos los ingredientes a temperatura ambiente y preparados. La mantequilla tiene que estar “a punto pomada”, blanda pero no líquida. Si tenemos todo a mano no nos olvidaremos de nada y así el resultado final será delicioso. En un bol grande batimos la mantequilla y el azúcar hasta que nos quede una masa esponjosa y suave, una vez obtenida esta consistencia añadimos la cucharada de esencia de vainilla y seguimos batiendo, continuamos añadiendo los huevos de uno en uno. La mezcla tiene que quedar suave y cremosa. Echamos a la anterior mezcla la levadura química con la harina previamente tamizada, el yogur y la ralladura de la naranja. Batimos con la batidora hasta que no queden grumos. Para el bizcocho he elegido un molde de silicona en forma de corona, que previamente he untado con mantequilla y espolvoreado con un poco de harina de trigo para evitar que se pegue el bizcocho a la superficie y sea más fácil desmoldarlo. Vertemos la mezcla anterior en el molde y justo antes de meterlo en el horno metemos con una cuchara las cerezas con su jugo (no hace falta que las pasemos por harina para que no se bajen porque el jugo hace de freno). Precalentamos el horno a 200º C 10 minutos antes de meter el bizcocho. Lo metemos en el horno a 180º C durante 40 minutos hasta que la superficie esté bien dorada, los últimos 10 minutos lo cubrimos con un trozo de papel de aluminio para que no se nos queme. Pinchad con un tenedor de vez en cuando para ver si el bizcocho está hecho, hasta que salga limpio. Una vez fuera del horno, tened la precaución de no quemaros. Dejaremos que se temple un poco y sacudiremos con cuidado el molde de silicona para ayudar a que se separe de las paredes. Lo ponemos sobre una rejilla a que se enfríe y una vez esté totalmente frío lo pondremos en un plato o bandeja y lo introduciremos en una bolsa apta para alimentos, cuidando que esté bien cerrada. Es la mejor forma de conservarlo por más días sin que se quede seco.

Espero que os guste y os animéis con esta fruta de temporada que esta buenísima. No hace falta decir que las nueces le van genial pero yo en este caso no tenía.",300 g de harina de trigo.-200 g de azúcar blanquilla-200 g de cerezas-1 yogurt natural (125 g)-1 sobre de levadura química tipo Royal-4 huevos grandes-La ralladura de una naranja-100 g de mantequilla-1 cucharada de esencia de vainilla-1 pellizco de sal-50 ml de ron añejo
https://www.recetasderechupete.com/receta-de-espaguetis-con-pollo-y-champinones/423/,Receta de espaguetis con pollo y champiñones,2009-05-17 18:30:47+00:00,"Cómo hacer espaguetis con pollo y champiñones. ¡Espaguetis! Estos son los triunfadores de la cena del sábado de la semana pasada, en la que vinieron a casa unos amigos (Espaguetis Jandro, los iba a llamar, pero han quedado en pollo y champiñones).

Vamos a utilizar la pasta apropiada para esta receta, una pasta larga de Garofalo, los Spaguettini o Puorc que están hechos con sémola de trigo duro con una superficie rugosa que ayuda a agarrar bien la salsa de esta receta.

Preparación de la salsa de pollo y champiñones

Picamos las cebollas y el pimiento en juliana. Añadimos aceite a la cazuela y sofreímos la cebolla y el pimiento morrón a fuego lento, hasta que se dore. Serían unos 10 minutos. Picamos también las zanahorias en una picadora. Introducimos en la cazuela y dejamos que se pase bien. El pollo: Salpimentamos el pollo al gusto y lo echamos a la cazuela con la verdura. Dejamos que se pase un poco, con unos 5 minutos llegan. Cortamos los champiñones en 4 medias lunas, si estos son grandes mucho mejor, los añadimos a la cazuela y al poco tiempo empezaran a soltar su jugo. Rectificamos sal y pimienta y que reduzca un poco el jugo. Picamos los anacardos en trozos pequeños y los añadimos a la cazuela. Echamos las uvas pasas. Removemos todo con suavidad y vertemos la leche de coco. Dejamos en cocción durante 5 minutos más. Y el último paso son los tomates. Troceamos los tomates en 2 (si no te gusta encontrarlos con piel, los puedes escaldar y quitarla) y los añadimos a salsa estrujándolos con la mano para que suelten todo su jugo, 5 minutos más de cocción y ya tenemos la salsa de acompañamiento a estos estupendos espaguetis.

Preparación de la pasta y presentación final de los espaguetis",2 cebollas-2 zanahorias-Sal y pimienta recién molida (al gusto de cada casa)-Un poco de orégano seco-6 tomates medianos maduros-5 cucharadas de aceite de oliva-1 pimiento rojo-1 bandeja de champiñones-75 g de anacardos-400 ml de leche de coco-1/2 kg. de pechuga de pollo-400 g de spaguettini Garofalo (Pasta larga Spaguettini)
https://www.recetasderechupete.com/receta-de-brownies-de-chocolate-con-nueces-y-avellanas/290/,Brownies de chocolate con nueces y avellanas,2009-04-18 11:49:40+00:00,"¿Por qué otro brownie?. Pues porque no conozco nada más denso y con tanto sabor a chocolate como un buen brownie (mucho más que una mousse), excepto quizás el chocolate en sí.

Así que me he dicho: voy a experimentar, la base es la misma de un brownie pero hay algunas variaciones respecto al original. Tiene café, levadura, avellanas y he quitado la nata de la cobertura. Os aseguro que ha quedado bien, que nos lo comimos de una sentada.

Preparación del brownie con avellanas

Engrasamos una bandeja de repostería, esta vez en uno de 30×20, pero todo depende de como queramos que sea de grueso el brownie. Untamos con mantequilla y espolvoreamos con harina. Introducimos en un bol el chocolate rallado o en trozos pequeños con la mantequilla en el microondas durante 2 minutos a temperatura baja. Tamizamos la harina y la levadura en polvo en un bol.Vertemos la mezcla del chocolate líquido, el cafe descafeinado y la nata líquida encima. Mezclamos bien hasta conseguir una pasta homogénea. Batimos los huevos con el azúcar hasta que queden con espuma y los incorporamos a la mezcla anterior. Introducimos la mezcla en la bandeja y echamos las nueces. Cocemos el brownie en el horno precalentado a 180º grados durante 30 minutos (tal como comenté en alguna otra receta, todo depende del horno, siempre mirar con un tenedor que se quede seco). Lo dejamos enfriar.

Cobertura

Para hacer la cobertura prepara en un bol el chocolate y la mantequilla. Lo introducimos en el micro durante 4 minutos a temperatura baja, luego batimos la mezcla con un tenedor y lo dejamos enfriar. Aplicamos la cobertura con una espátula en el bizcocho cuando este frío, espolvoreamos las avellanas picadas en trozos pequeños y lo metemos en la nevera hasta que quede una capa de chocolate crujiente y que no se suelten las avellanas.

Otro brownie distinto, el toque del café y las avellanas le queda muy bien.",200 g de mantequilla-200 g de chocolate negro rallado-350 g de harina de trigo-150 g de nata-275 g de azúcar-2 cucharaditas de levadura en polvo-2 huevos batidos-50 g de nueces-2 cucharadas de postre de café soluble-200 g de chocolate negro (cobertura)-150 g de mantequilla (cobertura)-50 g de avellanas
https://www.recetasderechupete.com/receta-de-bizcocho-bicolor-con-chocolate/135/,Receta de bizcocho bicolor con chocolate,2009-03-14 19:36:06+00:00,"¡Al rico bizcocho! Voy a subir los 2 postres que he hecho este fin de semana. El de ayer es un experimento que creo no ha resultado mal. Pensé: ¿Por qué no hacer 2 bizcochos?

Uno de chocolate, otro de yogurt y luego juntarlos. La combinación de los 2 bizcochos acabó con una cobertura de chocolate y unas almendras molidas.

Voy a explicar como hacer los 2 tipos de bizcocho. Así que os doy dos recetas por una.

Preparación del bizcocho de chocolate

En un bol grande juntamos la harina, un sobre de levadura, los 3 huevos, el cacao, el azúcar y la mantequilla. Y batimos todo hasta que quede una mezcla cremosa sin grumos. Sí, así de fácil. El orden de los ingrediente no fastidia el bizcocho, echadlos como más rabia os dé, dará igual. En una fuente previamente engrasada con mantequilla y espolvoreada con un poquito de harina echamos la mezcla. La introducimos en el horno a 180º durante una media hora (tal como comenté en alguna otra receta, todo depende del horno, siempre mirar con un tenedor, pinchar el bizcocho y cuando este seco, retirar). Cuando esté hecho lo retiramos del horno y dejamos enfriar.

En mi caso como no tengo muchas fuentes (tendré que ir a IKEA a proveerme) usé la misma fuente para el otro bizcocho.

Para el bizcocho de yogur clásico

Este es el típico bizcocho rápido, sencillo y muy fácil de hacer.

Tomamos el vasito del yogurt como medida para calcular la cantidad a usar de los distintos ingredientes. Batimos los huevos con el azúcar, y cuando ya estén bien mezclados añadiremos la levadura con la harina, el yogurt y el aceite. Batimos hasta que no queden grumos. Igual de fácil que el anterior bizcocho. En una fuente previamente engrasada con mantequilla y espolvoreada con un poquito de harina echamos la mezcla y la introducimos en el horno a 180º durante una media hora. Desmoldamos y dejamos enfriar.

Para el bizcocho bicolor. Montaje

El éxito ya está asegurado con ambos bizcochos pero vamos a rizar el rizo… si os atréveis con el bizcocho bicolor, seguid leyendo. El secreto está en el relleno y la cobertura.

Preparación de la cobertura y el relleno del bizcocho

Para hacer la cobertura prepara en un bol el chocolate, la nata, el agua y la mantequilla. Lo introducimos en el micro durante 8 minutos a temperatura baja, luego batimos la mezcla con un tenedor y por último lo dejamos enfriar. Hay que tener cuidado al sacar el chocolate porque estará muy caliente. Os doy un consejillo, utilizad un recipiente de cristal resistente al micro. La mezcla se derrite antes y es más fácil de limpiar.

Preparación y presentación final",400 g de harina (200 por bizcocho)-4 cucharadas de cola cao-6 huevos (3 por bizcocho)-1 sobre de levadura (1/2 por bizcocho)-350 g de azúcar (175 por bizcocho)-200 g de mantequilla (bizcocho de chocolate)-30 ml de aceite de oliva (bizcocho de yogurt)-1 Yogurt natural (bizcocho de yogurt)-200 g de chocolate negro (cobertura)-6 cucharadas de agua (cobertura)-3 cucharadas de nata (cobertura)-100 g de mantequilla (cobertura)
https://www.recetasderechupete.com/receta-de-ensalada-gigli/63/,Receta de Ensalada Gigli con atún y anchoas,2009-03-08 21:11:01+00:00,"Va una recetilla de ensalada de pasta, tan fácil como ir al Mercadona y comprar pasta de capricci (le llaman Gigli, pasta de sémola de trigo con espinacas, remolacha y tinta de sepia) y alguna lata de atún, anchoas, guisantes, maíz y algo de imaginación o lo que encuentres por la nevera.

En este caso al ser la pasta de color nos aportan vitaminas del grupo B, ya que en su preparación se utilizan hortalizas tales como espinacas (verde) y remolacha (salmón). Si no se añade nada, la pasta queda de color crudo (ligeramente amarillento).

Os aseguro que esta receta entra por los ojos porque es una pasta muy colorida y la salsa hace de la ensalada algo delicioso y encima como todas las ensaladas no tiene mucho truco, mezclar y a comer. Lo más importante de esta ensalada es la pasta y la salsa.

Preparación de la pasta Gigli

Calentamos en una cazuela grande un litro de agua por cada 100 g de pasta. Los 100 g es la medida recomendada por persona, excepto si tenemos apasionados/as por la pasta. Cuando empiece a hervir echamos 2 puñados generosos de sal y un chorrito de aceite. Seguidamente añadimos la pasta Gigli. Removemos con una cuchara de madera para que la pasta no se pegue y quede suelta. Una vez transcurridos los 9 minutos escurrimos la pasta inmediatamente y la pasamos por agua fría (para cortar la cocción). Con este proceso conseguiremos lo que se llama pasta «al dente» o en su punto justo, es decir, que no se pase. Es fácil de probar, en el interior de un gigli tiene que quedar como un hilo de pasta cruda y al probarla está un poco dura. La rociamos con un poco de aceite de oliva y reservamos para después.

Preparación de la ensalada:

Para el compango de la ensalada, escurrimos y mezclamos la pasta con una lata pequeña de maíz dulce, una de guisantes finos, otras 2 de atún en aceite de oliva, 4 anchoas en trocitos y la clara picada de 2 huevos duros. La Salsa: En 3 cucharadas de vinagre, disolvemos 1 cucharada de azúcar, otra de mostaza, un pellizco de sal y pimienta y añadir al final con 9 cucharadas de aceite de oliva. Aliñamos la ensalada y servimos.

¿Bastante fácil, verdad?, pues no lo dudéis esta muy buena y tienes la cena hecha para varios días.",1 bolsa de pasta Capricci o similar-2 latas de atún en aceite de oliva -1 bote de guisantes extrafinos-1 lata de maíz dulce-2 huevos-4 anchoas -1 cucharada grande de mostaza-Sal y pimenta al gusto-9 cucharadas de aceite de oliva-3 cucharadas de vinagre-1 cucharada de azúcar
https://www.recetasderechupete.com/receta-de-brownies-de-chocolate-con-naranja-y-nueces/36/,Brownies de chocolate con naranja,2009-03-08 21:04:38+00:00,"Cuando llega San Valentín en casa no puede faltar un postre con chocolate, como este brownie con toques de naranja.

Este bizcocho sin levadura queda muy sabroso por dentro y crujiente por fuera, con un intenso sabor a chocolate que hará las delicias de los niños en casa durante la merienda o en cualquier celebración.

En lugar de las nueces podéis elegir otro fruto seco, las avellanas o las almendras le van muy bien, y si quieres potenciar su sabor a naranja le puedes añadir un chorrito de licor de naranja. No os preocupéis si lo van a comer niños pues el alcohol se evapora en la cocción del bizcocho.

La receta es parecida al brownie clásico pero a la que se le añade la ralladura de naranja y el zumo de una de ellas. El sabor cítrico combina perfectamente con el chocolate, quedando un postre equilibrado y algo más ligero que el clásico dulce. Espero que os guste y os animéis a prepararlo en casa, de rechupete, os lo aseguro.

Preparación del bizcocho de chocolate y naranja","225 g de mantequilla-200 g de chocolate negro rallado-200 g de harina de trigo-150 g de azúcar-150 g de nata-2 huevos batidos-25 g de nueces-La ralladura de 2 naranjas-200 g de chocolate negro (cobertura)-6 cucharadas de agua (cobertura)-3 chucaradas de nata (cobertura)-100 g de mantequilla (cobertura)-El zumo de una naranja pequeña (o un chorrito de licor de naranja, la medida de un chupito)-1/2 cucharadita de bicarbonato sódico"
