title,date,url,ingredients,steps
"Filetes de cerdo flambeados, receta sencilla para hacer en casa",2022-02-24 09:00:37+00:00,https://okdiario.com/recetas/filetes-cerdo-flambeados-receta-sencilla-hacer-casa-8628974/,1 solomillo de cerdo. 80 mililitros de brandy. 200 mililitros de nata líquida. Pimienta negra. Sal. Aceite de oliva,"Filetear el solomillo en unidades no muy gruesas.. Calentar unas gotas de aceite en una sartén y sellar los filetes de solomillo por ambos lados. Salpimentar.. Repartir el brandy en toda la carne y esperar a que se caliente.. Subir el fuego de la cocina y flambear el brandy durante unos segundos. Apagar la llama tapando con una tapadera.. Incorporar a la nata líquida a la carne y cocinar durante unos tres minutos.. Rectificar la sal y la pimienta negra.. Pelar, cortar y freír patatas para acompañar este plato."
Natillas con merengue: postre delicioso,2022-02-24 08:45:43+00:00,https://okdiario.com/recetas/receta-tarta-fria-natillas-merengue-5702824/,100 gramos de azúcar (½ taza). 40 gramos de maicena. 1 rama de canela. 1 sobre de canela en polvo. 5 yemas de huevo,"Separa las claras y las yemas de huevo y reserva.. Para elaborar la natilla, pon a hervir un litro leche en una cazuela. . Entretanto, introduce las yemas de huevo, el azúcar y la maicena en un bol.. Bate enérgicamente y sin parar con la ayuda de varillas o batidor eléctrico.. Una vez la mezcla se vea espumosa, incorpora la leche, poco a poco, cuando rompa en hervor.. Si lo deseas, puedes añadir una ramita de canela y esencia de vainilla a la mezcla.. Vierte la mezcla en una cazuela, ponla calentar a fuego medio hasta que espese. Asegúrate de remover constantemente.. Evita que la mezcla hierva para que no se formen grumos y retira la ramita de canela cuando esté lista.. Reserva la natilla y procede a preparar el merengue. Para ello, bate las claras a punto de nieve.. Cuando comience a espumar, agrega un poco de sal para que suban más rápido.. Una vez que la espuma suba y comience a blanquear, agrega algún ácido (unas gotas de limón o vinagre), para que las claras mantengan su tamaño al dejar de batir.. La textura ideal es aquella en la que los picos del merengue se mantienen, pero las puntas se doblan.. A continuación, pon agua y azúcar sin mezclar en un cazo para hacer el almíbar. Cocina a fuego bajo y remueve constantemente para evitar que se caramelice.. Cuando notes que la mezcla comience a formar burbujas pequeñas y esté espesa quiere decir que el almíbar está en su punto, puedes retirarlo del fuego.. Incorpora el almíbar, poco a poco, a las claras en punto de nieve. Bate constantemente hasta que esté frío.. Al obtener una consistencia suave y brillante, el merengue estará listo.. Sirve las natillas en unas cuantas copas de postre, y añade el merengue con ayuda de una manga pastelera y, si lo deseas, decora con un poco de canela."
"Taboulé con dátiles y especias, al estilo de Marruecos",2022-02-23 13:00:34+00:00,https://okdiario.com/recetas/taboule-datiles-especias-estilo-marruecos-8624694/,250 gramos de cuscús. 250 ml de agua hirviendo. 6 dátiles. 1 tomate grande. 1 cebolla mediana. 2 pimientos verdes italianos. 3 cucharadas de especias marroquíes. 3 latas de atún en aceite de oliva. ½ cucharadita de canela. Zumo de 1 naranja. Aceite de oliva virgen extra. Vinagre de Módena. Sal,"En un bol poner el cuscús con las especias y la sal.. Calentar el agua con dos cucharadas de aceite, y cuando esté caliente, verter en el bol del cuscús.. Remover, tapar con un paño y dejar reposar 5 minutos.. Cortar en brunoise muy fina la cebolla, los pimientos y el tomate.. Escurrir y desmenuzar el atún, y añadirlo a las verduras.. Exprimir la naranja, deshuesar los dátiles y trocearlos. Mezclar con la naranja y añadir la canela, una pizca de sal, algo más de las especias y un chorro de aceite.. Remover muy bien y verter sobre el cuscús ya completamente frío, mezclando las verduras y el atún.. Añadir al final una media cucharadita de vinagre de Módena, aunque es opcional."
Empanada de beicon y dátiles,2022-02-23 12:45:53+00:00,https://okdiario.com/recetas/empanada-beicon-datiles-8624462/,"2 láminas de hojaldre rectangular, o masa de empanadas. 300 gramos de beicon en lonchas. 6 lonchas de queso. 150 gramos de dátiles sin hueso. 1 huevo. Mantequilla","Precalentar el horno a 180°.. Cubrir una bandeja rectangular con papel vegetal y engrasar con mantequilla.. Cortar en trozos las lonchas de beicon y los dátiles y batir los huevos en un recipiente.. Extender la mitad de la masa o colocar la primera lámina de hojaldre y agregar una primera capa de beicon, encima colocamos los dátiles, luego el queso y, finalmente, el resto del beicon.. Cubrir con el resto de la masa o la segunda lámina de hojaldre y pintar con el huevo batido. Introducir al horno y dejar por unos 20 minutos, o hasta que esté bien dorada la capa de arriba."
Filetes de cerdo a la napolitana,2022-02-23 11:00:16+00:00,https://okdiario.com/recetas/filetes-cerdo-napolitana-8622216/,8 filetes de cerdo. 300 gramos de salsa de tomate frito. 250 gramos de pimientos del piquillo en conserva. 3 dientes de ajo. Sal. Champiñones al gusto. Aceite de oliva,Calentar un buen chorro de aceite en una cazuela grande y con profundidad.. Cortar los pimientos del piquillo en tiras de grosor intermedio.. Cocinar la salsa de tomate en la cazuela durante 7 minutos. Remover bien.. Incorporar los pimientos picados a la sartén e integrar con la salsa de tomate.. Cocinar la salsa de tomate y pimientos durante 5 minutos más y añadir un poco de sal. Reservar en la cazuela.. Calentar la plancha con un poco de aceite y sellar los filetes de cerdo por ambos lados. Dar un punto de sal por ambos lados y reservar.. Pelar y cortar los ajos.. Rehogar los ajos en una sartén con aceite de oliva e incorporar los champiñones. Cocinar durante 7 minutos. Dar un punto de sal.. Colocar los filetes sobre la salsa de tomates y pimientos.. Incorporar los champiñones sobre los filetes de cerdo.. Cocinar durante unos 7 minutos los filetes con la salsa y los champiñones.
Receta de leche dorada,2022-02-23 10:45:56+00:00,https://okdiario.com/recetas/receta-leche-dorada-8622152/,4 tazas de leche de soja. 5 rebanadas de jengibre. 1 ½ cucharada de cúrcuma. ½ cucharadita de canela. Miel al gusto,"Comenzamos poniendo la leche de soja en una olla pequeña, que calentamos a fuego medio.. Una vez que rompa a hervir es momento de incorporar el jengibre y la canela. Removemos lentamente con ayuda de una cuchara hasta mezclar por completo.. Enseguida agregamos las cucharadas de cúrcuma y dejamos hervir durante unos cinco minutos más.. Transcurrido este tiempo retiramos del fuego y esperamos que repose unos cuantos minutos. . Incluimos la miel al gusto y servimos caliente.. Si queremos podemos agregarle un poco de clavos de olor, anís o cardamomo. Le ofrecerán un toque especial, además de múltiples beneficios."
Bizcocho de melocotón con pasta de dátiles,2022-02-23 09:00:27+00:00,https://okdiario.com/recetas/bizcocho-melocoton-pasta-datiles-8622085/,"200 gramos de harina. 1 cucharadita de polvos de hornear. 3 huevos. 125 gramos de pasta de dátil. 2 melocotones grandes y maduros. 200 ml de aceite de girasol y oliva, mezclados. 200 ml de leche. Ralladura de naranja. Coco rallado","Lavar, pelar y cortar en trozos pequeños los melocotones.. Si la pasta de dátiles es comprada, cortarla en trocitos.. En un bol batir los huevos, luego añadir la pasta de dátiles y seguir batiendo.. Agregar los melocotones y seguir procesando.. Incorporar el aceite y la leche, batiendo bien, hasta que todo se integre.. Tamizar la harina con el polvo de hornear y añadirla poco a poco, batiendo bien.. Precalentar el horno a 180°C.. Terminar de mezclar con espátula, añadir la ralladura de naranja.. Engrasar y enharinar un molde, verter la mezcla.. Hornear durante 40 minutos, dejar templar y desmoldar.. Espolvorear coco rallado."
Polos caseros con agua y frutas,2022-02-23 08:45:32+00:00,https://okdiario.com/recetas/receta-polos-caseros-sandia-naranja-limon-5693725/,2 kiwis. 250 ml de agua fría. 2 cucharadas de edulcorante vegetal stevia,Pela ambos kiwis. Corta uno de ellos en rodajas y reserva.. Corta en el otro kiwi en trozos e introdúcelo en la licuadora junto con el agua y el edulcorante.. Tritura varias veces hasta obtener la textura deseada.. Cuela el zumo obtenido en un colador tipo chino. Vierte a la jarra medidora para saber la cantidad que tienes.. Añade más agua al zumo o puré hasta completar los 300 ml y mezcla bien.. Coloca los trocitos de kiwi en el molde de polos y ve añadiendo el zumo.. Cierra el molde de polos y lleva al congelador durante 3 horas como mínimo antes de degustar.
"Tarta de mango con limón, receta sin horno fácil de preparar",2022-02-22 17:45:07+00:00,https://okdiario.com/recetas/pastel-mango-gelatina-limon-2707169/,1 lata de leche condensada. 1 lata de leche evaporada. 100 ml de nata liquida. 2 mangos maduros. 1 sobre de cuajada. 2 sobres de gelatina de limón. 12 galletas tipo maría. 2 cucharadas de mantequilla,"Esta tarta de mango con limón es un postre sencillo que se prepara en un abrir y cerrar de ojos, la parte más complicada es hacerse con todos los ingredientes.. Empezamos esta tarta por la base que nos recordará un poco al típico pastel de queso que preparamos de forma recurrente.. Troceamos las galletas con la ayuda de una batidora o de un rodillo, cuando estén bien troceadas las mezclamos con la mantequilla derretida.. Ponemos la mezcla de galletas con mantequilla en la base de un molde que previamente habremos forrado con papel de cocina.. Dejamos la base en la nevera mientras preparamos el relleno de una tarta de mango con limón que queda buenísima.. En un cazo mezclamos la leche condensada y la evaporada. Calentamos esta mezcla hasta que se fundan en una sola leche, removemos poco a poco hasta que estén bien integradas.. Continuamos con los mangos, los pelamos y cortamos. Colocamos esta fruta con la mezcla de las dos leches, con el sobre de cuajada bien disuelto.. Para que quede bien fina la tarta, lo trituraremos con la batidora hasta obtener una crema uniforme, llena de sabor, color y dulzor.. Verteremos directamente la mezcla en el molde donde ya tenemos la base. De esta manera se empezará a cuajar el relleno de una tarta de frutas deliciosa.. Preparamos la gelatina y la ponemos en la parte superior, una vez el paso anterior se haya asentado.. Para que esté bien firme, debe pasar una hora antes de crear una capa y otra. La gelatina le dará ese toque de color y de sabor que combinará a la perfección con el mango.. Decoramos al gusto, si nos apetece con un poco de nata o chocolate, solo nos quedará dejarla en la nevera y probarla pasadas unas horas o minutos en el congelador si tenemos prisa."
Receta de bebida cenicienta,2022-02-22 16:00:33+00:00,https://okdiario.com/recetas/receta-bebida-cenicienta-8620772/,2 medidas de zumo de naranja. 2 medidas de zumo de piña. 1 medida de zumo de limón. ¼ de medida de granadina. 3 gotas de amargo de Angostura. 1 onza de soda o agua carbonatada. 1 rodaja de limón. Hielo en trocitos,"En una coctelera vierte los zumos de naranja, limón y piña (mejor si son naturales). Escarcha los labios de un vaso alto con limón y azúcar para mejorar su sabor al inicio.. Agrega ¼ de medida de granadina y los trozos de hielo. Tapa y agita enérgicamente la coctelera durante unos 30 segundos.. A continuación, en el vaso, agrega tres gotas o chorritos del amargo de Angostura. (Este le dará profundidar y un ligero toque de alcohol a la receta, por lo que es opcional). Introduce hielos en el vaso y después incorpora el mocktail.. Termina agregando 1 medida de agua carbonatada. . Decora con una rodajita de limón y listo. También puedes usar piña o naranja, como prefieras."
"Galletas rellenas de dátiles, receta fácil",2022-02-22 13:00:41+00:00,https://okdiario.com/recetas/galletas-rellenas-datiles-receta-facil-8620691/,400 gramos de harina. 1 huevo. 4 cucharadas de agua de azahar. 125 gramos de mantequilla + 1 cucharada. 60 ml de aceite de girasol. 100 gramos de azúcar. 4 gramos de levadura química. Pizca de sal. 500 gramos de pasta de dátiles. 1 cucharadita de canela. Azúcar glas,"Mezclar 125 gramos de mantequilla y el azúcar, añadir el aceite y 2 cucharadas de agua de azahar. Incorporar el huevo y mezclar bien con las manos.. Añadir la harina poco a poco, la sal y la levadura. Formar una bola, envolverla con papel film y dejar reposar una hora en la nevera.. Para el relleno, mezclar la pasta de dátiles, la canela, 1 cucharada de mantequilla y 2 cucharadas de agua de azahar. Debe quedar una pasta consistente.. A continuación, extender la masa en la encimera con un rodillo hasta tener un grosor de medio centímetro, y cortar con un molde o con un cortapastas.. Precalentar el horno a 180°C.. Poner una cucharadita (dependerá del tamaño de la galleta) del relleno dátiles en el centro, cerrar bien y hacer dibujos en la parte de arriba con un tenedor, en caso de no tener el molde.. Forrar una bandeja con papel vegetal e ir colocando las galletas una al lado de la otra.. Hornear con calor arriba y abajo durante 30 minutos.. Sacar del horno, dejar enfriar y espolvorear azúcar glas."
Solomillos de pollo al estilo andaluz,2022-02-22 13:00:25+00:00,https://okdiario.com/recetas/solomillos-pollo-estilo-andaluz-8620582/,500 gramos de filetes de pechuga de pollo. ½ vaso de vino blanco. 2 dientes de ajo. Orégano. Comino. Azafrán. Pimentón dulce o pimentón rojo seco. Pimienta negra recién molida. Aceite de oliva extra virgen. Sal,"Comenzamos cortando los ajos en trozos pequeños para a continuación colocarlos en un mortero. Los trituramos por completo.. Pasamos los ajos a un recipiente y añadimos un chorrito de aceite de oliva.. Enseguida agregamos comino, orégano, pimienta negra y las hebras de azafrán. . Mezclamos todo muy bien.. Trituramos el pimiento rojo y añadimos a la mezcla junto al vino blanco y sal al gusto.. Limpiamos muy bien la pechuga de pollo y la colocamos en el recipiente con la mezcla. Dejamos marinar durante mínimo una hora. Si podemos lo hacemos un día antes y dejamos toda la noche para que absorba bien los sabores.. Al día siguiente calentamos una sartén con aceite de oliva.. Una vez caliente cocinamos el pollo a fuego medio hasta dorar por ambos lados. . Damos un punto de sal, al gusto.. Servimos con nuestra guarnición favorita."
Escalopines cerdo con salsa moscatel,2022-02-22 11:15:51+00:00,https://okdiario.com/recetas/escalopines-cerdo-salsa-moscatel-8620451/,½ kilo de lomo de cerdo. ½ taza de vino moscatel. ½ litro de caldo de pollo o de carne. 1 taza de harina. 1 pequeña taza de aceite de oliva extra virgen. 200 gramos de champiñones. 1 cebolla. 1 puñado de pasas. Miel de azahar. Sal. Pimienta blanca,"Limpiamos bien la carne de cerdo. Debe estar cortada en filetes delgados, que aplastaremos un poco más.. Salpimentamos al gusto y pasamos cada uno por harina hasta que estén completamente cubiertos. Reservamos. Cortamos los champiñones en láminas y reservamos. . Realizamos el mismo procedimiento con la cebolla.. Calentamos un chorrito de aceite de oliva en una sartén. A continuación, añadimos la cebolla picada y sofreímos hasta pochar.. Cuando se vuelva transparente retiramos de la sartén y reservamos.. En la misma sartén vamos a dorar los filetes de cerdo por ambos lados.. Una vez dorados agregamos nuevamente la cebolla junto a los champiñones y las pasas.. Vertemos el vino de moscatel junto a la mitad del caldo. Dejamos cocinar a fuego bajo durante unos 10 minutos.. Si notamos que la salsa espesa agregamos el resto del caldo y la miel de azahar. . Ponemos el conjunto a punto de sal, al gusto.. Cocinamos unos minutos más y retiramos del fuego.. Servimos con arroz blanco, patatas fritas o la guarnición que deseemos."
Sardinas con anchoas encebolladas: una receta rápida,2022-02-22 08:45:39+00:00,https://okdiario.com/recetas/receta-sardinas-anchoas-encebolladas-4474694/,16 sardinas. 4 filetes de anchoas. 1 vaso de vino blanco. 1 cucharada de harina. 4 cebollas. 4 dientes de ajo. ½ lata de pimientos morrones. Pimienta. Aceite. Sal,"Lava bien las sardinas y los filetes de anchoas, los cuales que debe estar sin cabeza y sin espina central. A continuación, salpimienta los lomos abiertos y reserva.. Pon a calentar una sartén con un chorrito de aceite. Entretanto, pela y corta finamente la cebolla y saltea un poco en la sartén hasta que esté tierna. Agrega un poco de sal.. Incorpora las anchoas finamente fileteadas, las mismas pueden tenerse en conserva. No hay que olvidar que la anchoa en conserva da un punto salado, hay que tener cuidado con la sal del conjunto.. Añade una cucharada de harina a la sartén y remueve bien para que se tueste.. Después de un par de minutos, puedes añadir el vino blanco, el cual aportará un toque afrutado muy interesante a la receta.. Una vez que el vino se haya evaporado y las cebollas estén en su punto, añade las sardinas.. Luego agrega los pimientos enlatados y deja que su sabor se impregne bien en el guiso.. A parte, pela y pica dos dientes de ajo e incorpóralos a la sartén.. Remueve todos los ingredientes durante 5 minutos más. Gracias al efecto de la harina, se habrá formado una especie de salsa con la cebolla y los pimientos, la cual añadirá un toque especial al pescado.. Rectifica el punto final de sal."
"Manzanas asadas con avena y nueces al microondas, receta de postre sin azúcar",2022-02-21 19:00:25+00:00,https://okdiario.com/recetas/manzanas-asadas-avena-nueces-microondas-receta-postre-sin-azucar-8615156/,Manzanas. 1 vaso de leche de avena. Nueces. Miel. Avellanas. Canela,"Estas manzanas asadas las vamos a preparar a la velocidad de la luz con la ayuda del microondas.. Quedan igual de buenas y se preparan en menos tiempo y esfuerzos. Conseguiremos ahorrar algo de energía con una elaboración tradicional y sabrosa.. Nos ponemos manos a la obra lavando las manzanas, las cortamos en trocitos pequeños y las colocamos en un bol.. Añadimos un poco de canela. Tapamos con papel film y cocinamos las manzanas a máxima potencia unos 2 o 3 minutos hasta que las manzanas estén blanditas.. En ese momento las trituramos con la leche de avena. Este tipo de bebida vegetal es bastante dulce por lo que no necesitamos incluir más azúcar.. Podemos ponerle una leche de arroz o de almendra que también quedará bien o incluso una leche convencional.. Trituramos bien y colocamos en vasitos con los que serviremos esta deliciosa mezcla, saludable y de lo más sencilla de preparar.. Cuando tenemos todo listo, simplemente decoramos con la miel o el sirope de agave, unos ingredientes naturales que le darán el dulzor que necesita.. Continuamos con las nueces o avellanas, le va bien cualquier fruto seco, lo trituramos todo y lo colocamos por encima.. El juego de texturas será impresionante y de lo más agradable. No necesitamos nada más para disfrutar de unas manzanas asadas un poco más especiales.. El resultado de esta receta es un dulce de cuchara que podemos personalizar. Añade chocolate troceado o un poco de nata, quedará igual de bueno.. Estas manzanas asadas con avena y nueces te seducirán a la primera cuchara y se convertirán en el postre por excelencia de tu casa."
"Tortilla dulce de pan, receta tradicional de la abuela",2022-02-21 18:00:26+00:00,https://okdiario.com/recetas/tortilla-dulce-pan-receta-tradicional-abuela-8614766/,Pan del día anterior. 1 naranja. 1 cucharada de canela. Azúcar al gusto. 1 vaso de leche. 3 huevos,"Esta receta es quizás una de las más fáciles y deliciosas que puedan existir, queda increíble y te ayudará a no tirar más pan a la basura.. Una merienda o desayuno que hagamos en casa siempre será más saludable que cualquier producto de bollería industrial que compremos.. Las abuelas son grandes gestoras de recursos, capaces de no tirar nada, pero también de ahorrar al máximo.. Los huevos, la leche y los ingredientes de esta receta son low cost en todos los sentidos, con unos céntimos puedes crear una merienda más sana y deliciosa.. Nos ponemos manos a la obra con el pan del día anterior. Lo vamos a trocear y poner en un bol para que macere durante unas horas.. Puedes hacerlo por la noche para preparar la tortilla por la mañana o antes de ir a trabajar para dejar casi lista una buena merienda.. Rallamos la cáscara de la naranja o del limón, lo que tengamos más a mano o nos guste especialmente.. Incorporamos la leche y un par de cucharadas de azúcar al gusto. Mezclamos bien y dejamos que se fusionen todos los sabores.. Cuando llegue el momento de hacer la tortilla, podemos pasar la mezcla por el vaso de la batidora para que nos quede más finita o directamente hacerla con los trocitos de pan.. Incorporamos los huevos batimos bien y conseguiremos una masa que cocinaremos en una sartén con un chorrito de aceite.. Podemos darle la forma de una tortilla a la francesa o crear una masa tipo tortita para colocar por encima un poco de mermelada.. Tendremos lista una tortilla dulce de pan como la de la abuela en un abrir y cerrar de ojos, solo nos quedará probarla y disfrutarla."
Receta de Calabacines rellenos de atún sanos y fáciles de preparar,2022-02-21 17:00:34+00:00,https://okdiario.com/recetas/calabacines-rellenos-atun-1911916/,4 calabacines. 2 huevos. 100 gr de atún. 50 gr queso rallado. 50 gr pan rallado. Sal. Pimienta. Perejil. Aceite de oliva,"Esta receta no tiene complicación alguna, se sirve de una gama de sabores y de ingredientes que son básicos.. La parte más complicada será hacerse con los ingredientes principales, que podemos tener en este momento en casa.. Nos ponemos manos a la obra lavando y secando los calabacines. Cuando estén limpios los partimos por la mitad en posición vertical.. Continuamos sacando el relleno con un cuchillo, dejaremos la parte exterior que también nos comeremos a modo de recipiente.. Lo que hemos sacado del calabacín lo troceamos y ponemos en un bol será la base del relleno de este calabacín.. Escurrimos el atún y lo incorporamos a la pulpa del calabacín. Mezclamos con el tenedor hasta que esté bien integrado.. Ponemos el huevo bien batido, le incorporamos la mitad del queso y el pan rallado. Removemos para que se integren bien todos los ingredientes.. Salpimentamos al gusto y ponemos un poco de aceite de oliva para que nos quede un relleno más completo.. La mezcla que hemos creado es la que pondremos sobre los calabacines que hemos vaciado. Irán directamente a la fuente para horno.. Coronamos la receta con más pan rallado y queso al gusto para que quede un exterior lo más crujiente posible.. Colocamos todo directamente al horno a una temperatura de 180º durante unos 30 minutos, vamos vigilando la cocción hasta que esté al gusto.. Puedes servir estos calabacines rellenos con atún con una ensalada o sin nada más para poder disfrutar de un plato equilibrado y delicioso.. Ponte manos a la obra con unos calabacines rellenos de atún que te sacarán de la rutina diaria, incluyendo un poco de verdura a un menú semanal de lo más completo."
Receta de coffee tonic cold brew,2022-02-21 16:47:59+00:00,https://okdiario.com/recetas/receta-coffee-tonic-cold-brew-8614396/,50 gramos de café molido. 500 mililitros de agua fría. 50 mililitros de agua tónica. 1 limón cortado en rodajas para decorar. Cubos de hielo,"Comenzamos colocando en una jarra el café molido. Podemos utilizar el de nuestra preferencia, no hay ningún problema ni especificación en este caso.. Cuando tengamos nuestro café molido en la jarra vertemos el agua bien fría. Con ayuda de una cuchara de madera vamos a revolver enérgicamente unos cuantos minutos.. A continuación, vamos a tapar con papel film la jarra y llevamos a la nevera entre 18 y 24 horas.. Cuando hayan transcurrido unas 12 horas destapamos y revolvemos nuevamente. Tapamos y volvemos a refrigerar hasta cumplir todas las horas.. Pasado el tiempo de refrigeración retiramos de la nevera y pasamos por un colador, preferiblemente de tela. Reservamos hasta servir.. Vertemos en un vaso el agua tónica, 150 mililitros del café cold brew que refrigeramos y agregamos el hielo.. Coronamos con una rodaja de limón."
Receta de pasta de dátil,2022-02-21 15:00:03+00:00,https://okdiario.com/recetas/receta-pasta-datil-8614266/,200 gramos de dátiles. 300 ml de agua (ambas cantidades son aproximadas),"Poner a remojar los dátiles en el agua tibia durante dos horas (si se desea acelerar un poco el proceso se puede calentar el agua y cuando esté a punto de hervir retirar del fuego y echar los dátiles, con la cacerola o el bol tapados).. Pasado el tiempo, colar y reservar el agua.. Trocear los dátiles menudamente y ponerlos en el procesador (robot, batidora, picadora o lo que se tenga).. Agregar 100 ml de agua y comenzar con el triturado.. Triturar hasta obtener una pasta homogénea.. Remover y añadir agua muy poco a poco, triturando.. Seguir con el proceso hasta tener la consistencia deseada, bien más consistente y gruesa, o algo más líquida, tipo sirope, aunque habría que agregar más agua y batir bien para que se integre.. Comprobar el punto y guardar en tarros de vidrio con tapa hermética."
Filetes de cerdo con nata y mostaza,2022-02-21 13:00:31+00:00,https://okdiario.com/recetas/filetes-cerdo-nata-mostaza-8613266/,600 gramos de filete de cerdo. 200 mililitros de nata para montar. 1 cucharada de mostaza. ½ cebolla. Hojas de estragón. Aceite de oliva extra virgen. Sal. Pimienta negra recién molida,"Limpiamos muy bien los filetes de cerdo. . A continuación, añadimos sal y pimienta al gusto.. Calentamos una sartén con un chorrito de aceite de oliva.. Cuando esté caliente agregamos los filetes y cocinamos por ambos lados hasta dorar completamente. . Damos un punto de sal por ambos lados a la carne.. Una vez dorados retiramos de la sartén y reservamos.. Cortamos la cebolla en láminas y sofreímos en la misma sartén. Cuando se vuelva transparente es el momento de agregar la nata para montar.. Cocinamos hasta que se reduzca, esto puede tardar unos cinco minutos aproximadamente.. Enseguida pasamos la mezcla a una licuadora y trituramos todo junto hasta obtener la textura deseada.. Después incorporamos la mostaza y las hojas de estragón, batimos otra vez.. Por último, pasamos a la sartén nuevamente y cocinamos unos 10 minutos más. Rectificamos el punto de sal del conjunto.. Servimos los filetes de cerdo con la salsa de nata y mostaza encima."
Chuletas de cerdo con salsa agria de aguacate,2022-02-21 11:03:11+00:00,https://okdiario.com/recetas/chuletas-cerdo-salsa-agria-aguacate-8613096/,15 chuletas de cerdo sin ahumar. 4 hojas de laurel. Sal. Pimienta negra recién molida,"Comenzamos pelando los aguacates por completo. A continuación, los vamos a cortar en varios trozos pequeños.. En una licuadora o procesador de alimento añadimos el aguacate picado junto al jugo de limón y el aceite. Batimos todo junto hasta triturar por completo.. A continuación, agregamos la crema agria y la mayonesa.. Cortamos la cebolla en pequeños trozos e incluimos en la licuadora. Añadimos la salsa picante, sal y pimienta al gusto.. Picamos el cilantro e incorporamos. Batimos hasta obtener la textura que deseamos.. En una sartén caliente con aceite freímos las chuletas de cerdo con las hojas de laurel.. Después agregamos la salsa a la sartén y cocinamos todo junto durante unos 15 minutos a fuego lento.. Transcurrido ese tiempo"
Filetes de lomo de cerdo en salsa verde,2022-02-21 09:00:34+00:00,https://okdiario.com/recetas/filetes-lomo-cerdo-salsa-verde-8612930/,4 filetes lomo de cerdo grandes. 2 patatas grandes. 4 dientes de ajo. Perejil. Aceite de Oliva. Sal y pimienta,"Pelar los ajos y cortar finamente junto con el perejil.. Colocar los ajos y el perejil picados en un recipiente de tamaño mediano.. Verter aceite de oliva suficiente mezclar a los ajos y el perejil.. Salpimentar los filetes de cerdo por ambos lados y marinar en la mezcla de ajos y perejil durante 24 horas.. Cocinar las patatas en una olla profunda con agua y sal hasta que estén blandas.. Retirar las patatas del fuego, pelar y reservar durante 24 horas.. Calentar aceite en una sartén y sofreír los filetes de cerdo.. Cocinar durante 20 minutos hasta que estén completamente cocidos.. Cortar las patatas por la mitad e incorporar en la sartén. Mantener la cocción durante cinco minutos.. Verter la salsa verde del marinado sobre la preparación de los filetes."
Receta de arroz a banda,2022-02-21 08:45:02+00:00,https://okdiario.com/recetas/arroz-banda-valenciano-300/,"1 ñora seca o 1 cucharadita de carne de ñora. 200 g de tomate triturado (natural o en conserva). ½ cucharadita de pimentón dulce (opcional). 300 g de sepia troceada (opcional). 400 g de arroz bomba. 1,2 litros de caldo de pescado y marisco. 100 g de gambas peladas (opcional). Perejil fresco (opcional). 2 dientes de ajo. Unas hebras de azafrán. Aceite de oliva virgen extra. Sal","Pela los ajos y corta por la mitad. A continuación, trocéalos y colócalos en un mortero con un poco de sal.. Machaca bien los ajos e incorpora, gota por gota, el aceite mientras haces movimientos circulares con el pilón del mortero. Ambos pasos son para preparar el alioli.. Aparte, pon a remojar la ñora en un recipiente con agua hirviendo. Rómpela un poco si es necesario para que puedas sumergirlas completamente.. Deja reposar la ñora en el agua y, al cabo de 15 minutos, raspa su contenido con una cuchara. Pon el agua del caldo a calentar para que se mantenga caliente.. Ahora calienta el aceite de oliva en una paellera, añade la sepia, los ajos picados y saltea hasta que doren.. Seguidamente, incorpora el pimentón, el tomate triturado y la carne de la ñora. Sazona con un poco de sal y saltea todos los ingredientes hasta que el tomate se haya reducido.. Incorpora el arroz a la paellera, mezcla bien y rehoga por un par de minutos.. Vierte el caldo caliente en el arroz hasta, ajusta de sal si es necesario y deja cocinar durante 10 minutos más a fuego alto.. A continuación, coloca el azafrán en un poco del caldo caliente y añade al arroz a los 5 minutos.. Entretanto, sazona las gambas peladas con sal y una vez hayan transcurridos 10 minutos, añade por encima del arroz. Reduce el fuego y deja cocinar hasta que el arroz esté listo.. Pon el conjunto a punto de sal.. Deja reposar el arroz a banda unos 5 minutos, adorna con perejil picado y sirve acompañado del alioli."
Receta de lime rickey,2022-02-20 11:00:34+00:00,https://okdiario.com/recetas/receta-lime-rickey-8607551/,30 mililitros de zumo de lima. 12 onzas de agua carbonatada o con gas. 4 onzas de jarabe simple de azúcar (puede servir un buen caramelo líquido). 3 gotas de amargo de naranja. Cubos de hielo. Un vaso alto,"Usa lima natural y fresca. Exprime aproximadamente 30 mililitros de zumo de lima en la coctelera para batir.. Agrega 4 onzas de jarabe simple de azúcar y las 3 gotas de amargo de naranja.. Vierte los cubos de hielo.. Y comienza a agitar energicamente con la coctelera. . A continuación, incorpora unos cubos de hielo al vaso para servir.. Agrega la mezcla y el agua carbonatada. También puedes usar soda.. Revuelve con una cucharilla y ralla un poco de piel de lima para decorar."
Receta de ponche de acción de gracias,2022-02-20 10:45:24+00:00,https://okdiario.com/recetas/receta-ponche-accion-gracias-8608085/,"7 manzanas (rojas, amarillas y verdes). 1 taza de sidra de manzana. 200 gramos de arándanos rojos. 1 taza de azúcar moreno. 1 rama de canela. 2 ramitas de romero. 10 clavos de olor. 3 piezas de anís estrellado. 4 litros de agua","Lava, corta en trozos y elimina las semillas de las manzanas. Vierte en una cazuela con 4 litros de agua.. Agrega una taza de azúcar morena, 10 clavitos de olor, 1 rama de canela, el anís estrellado, el romero y remueve.. Incorpora los arándanos rojos. Remueve de nuevo y deja que hierva hasta que la manzana ablande.. Agrega la sidra de manzana, deja que se cocine 5 minutos más y retira del fuego. A continuación, déjalo reposar.. Usa un colador para eliminar los residuos. Con una cuchara presiona en el colador para exprimir todo el líquido.. Y listo. Puedes servir frío o caliente."
Creps de chocolate y dátiles,2022-02-20 09:00:12+00:00,https://okdiario.com/recetas/creps-chocolate-datiles-8607534/,2 huevos. 200 gramos de harina de trigo. 24 gramos de azúcar. Mantequilla. Dátiles. 120 gramos de chocolate negro. 200 mililitros de leche. 50 mililitros de aceite de girasol. Sal,"Colocar en el vaso de la batidora los huevos, la harina, la leche, el azúcar y la sal. Batir hasta obtener una mezcla homogénea.. Untar una sartén antiadherente con mantequilla y calentar a fuego medio.. Verter una porción de la mezcla, esperar que se formen burbujas y voltear. Repetir este paso hasta agotar la mezcla, para formar los creps.. Derretir el chocolate negro en el aceite de girasol a baño de maría. Remover constantemente.. Cortar los dátiles en dados pequeños y reservar.. Colocar las crepes en un plato, enrollar y verter hilos de chocolate por encima.. Esparcir los dátiles picados sobre la preparación."
"Bizcocho flan de manzana, receta de postre sin gluten fácil de preparar",2022-02-19 17:00:17+00:00,https://okdiario.com/recetas/bizcocho-flan-manzana-receta-postre-sin-gluten-facil-preparar-8606025/,4 manzanas. 3 yogures griegos. 5 huevos. 75 gr de azúcar. 70 gr de Maizena. Mermelada de albaricoque,"Esta receta es muy fácil de preparar y quedará espectacular con el mínimo esfuerzo posible.. La parte más complicada consistirá en hacerse con todos los ingredientes. Son productos de lo más habituales, puede que hasta que ya los tengas en casa.. Nos ponemos manos a la obra pelando las manzanas, las vamos a cortar en trocitos del mismo tamaño.. Las colocamos en el vaso de la batidora y las trituramos hasta que nos quede una pasta suave que será la base de este bizcocho flan de manzana.. Le añadimos a esta masa los huevos, podemos mezclarlo en el mismo vaso de la batidora o hacerlo en un bol.. Incorporamos los huevos y el azúcar sin dejar de remover, es importante que queden todos los sabores bien integrados.. Nos quedará el último ingrediente, la maicena, la harina de maíz le dará color y sabor a este postre tradicional cargado de buenas sensaciones.. Seguimos preparando el molde, lo engrasamos con un poco de mantequilla. De esta manera no se nos pegará la masa.. Vertemos la masa que tenemos lista en el molde y encendemos el horno a 180º para que se vaya calentando.. Mientras pelamos una manzana y la cortamos en rodajas del mismo tamaño para colocarlas encima del bizcocho flan.. Pelamos una manzana y la cortamos en rodajas muy finas. Colocarla encima de la masa, deberá quedar bonito.. Horneamos la masa unos 60 minutos a 180 °C. Comprobamos que la masa esté lista. En caso de que esté ya preparada, retiramos del horno.. Servimos con un poco de nata o caramelo por encima, nos quedará un bizcocho flan de manzana de los que impresionan."
Receta de Nuggets de pollo y espinacas,2022-02-19 16:00:25+00:00,https://okdiario.com/recetas/nuggets-pollo-espinaca-2232779/,1 pechuga de pollo. 100 gr de espinacas. 30 gr de queso crema. 1 rebanada pan de molde. 100 ml de leche. Pimienta al gusto. Sal al gusto. 200 ml de aceite de oliva. 150 gr de pan rallado. 150 gr de harina de trigo. 2 huevos,"Esta receta además de ser muy fácil de preparar queda increíble, puedes congelar estos Nuggets y tenerlos siempre listos para la acción.. Nos pondremos manos a la obra con la pechuga de pollo. Puedes usar cualquier parte del pollo que tengas.. Limpiamos el pollo y lo trituramos con un cuchillo o en el vaso de la batidora hasta que quede una pasta.. Salpimentamos al gusto y reservamos, mientras seguimos con las espinacas que estarán listas rápidamente.. Cocinamos las espinacas en agua y sal. Necesitarán 5 minutos en estar perfectas. Trituramos las espinacas y las mezclamos con el pollo.. Le daremos un toque cremoso con la llegada del queso, que será el elemento que una todos los sabores en un interior espectacular.. Es el momento de coger la rebanada de pan y remojarla en leche. La uniremos a la masa que tenemos ya lista.. Amasamos y creamos la masa de Nuggets. Les daremos forma para crear unos bocados espectaculares para toda la familia.. Cascamos los dos huevos y los batimos, preparamos otro plato con el pan rallado para empanar estos Nuggets de pollo y espinacas.. Rebozamos los Nuggets, pasamos las bolitas de masa que tenemos hechas por el huevo y el pan rallado.. Preparamos la sartén con el aceite bien caliente. Deberá estar a la temperatura adecuada para que el empanado quede perfecto.. Vamos friendo los Nuggets de pollo y espinacas hasta que estén dorados, en ese momento los retiramos del fuego.. Ponemos sobre papel absorbente para que elimine el exceso de aceite, tendremos lista una tapa de lujo."
Receta de canelones de cordero y dátiles,2022-02-19 13:00:01+00:00,https://okdiario.com/recetas/receta-canelones-cordero-datiles-8606184/,350 gramos de cordero cocido. 8 dátiles deshuesados. 16 placas de canelón. 1 Puerro. ½ cebolla. 2 zanahorias. 50 gramos de harina. 50 gramos de mantequilla. Queso Mozzarella. Queso Parmesano. Nuez moscada. 500 mililitros de leche. Aceite. Sal y pimienta,"Picar el puerro, las zanahorias y la cebolla finamente.. Sofreír el puerro, las zanahorias y la cebolla en una sartén mediana con aceite.. Desmenuzar la carne y añadir al sofrito junto con los dátiles picados.. Remover los ingredientes para que se integren bien y salpimentar.. Retirar la preparación del fuego y triturar los ingredientes durante 2 minutos hasta formar una pasta homogénea. Podrán ser los trozos de carne resultantes más o menos grandes, al gusto.. Cocinar las placas de canelones en agua hirviendo durante 12 minutos. Retirar del fuego.. Pasar los canelones por agua fría y secar con un paño limpio.. Rellenar cada canelón con la mezcla de cordero y reservar.. Derretir la mantequilla en una cacerola a fuego medio, agregar la harina y mover y tostar ligeramente.. Añadir la leche, la sal y una pizca de nuez moscada a esta preparación y remover con las varillas hasta obtener una salsa bechamel.. Verter bechamel en un molde para hornear, colocar los canelones y otra capa de salsa encima.. Esparcir una porción generosa de queso mozzarella y otra de parmesano sobre los canelones.. Hornear durante 15 minutos a 180° hasta que los quesos gratinen y doren."
Bebida dulce del amanecer,2022-02-19 11:00:36+00:00,https://okdiario.com/recetas/bebida-dulce-del-amanecer-8606136/,"1 ½ medida de vodka. 2 medidas de zumo de naranja. 1 medida de granadina. 2 medidas de zumo de pomelo. 1 medida de zumo de limón. 2 medidas de Spritem tónica, sifón o un agua con gas. Hielo en cubos","Empieza por exprimir el zumo del pomelo, el limón y la naranja. Reserva. . En la coctelera, añade cubos de hielo más el zumo de pomelo, el limón y el vodka. Agita enérgicamente.. A continuación, enfría con unos cubitos de hielo un vaso alto.. Vierte el zumo de naranja, la granadina e incorpora la mezcla que acabas de agitar. Remueve con una cucharilla.. Agrega el la bebida con gas. Decora con una rodaja de naranja o limón."
Smoothie de avena: receta saludable,2022-02-19 09:00:40+00:00,https://okdiario.com/recetas/receta-saludable-smoothie-avena-5952693/,"½ taza de avena. 1 y ½ vaso de leche de coco. 1 taza de fresas troceadas. 1/2 banana en rodajas. 1 yogur natural. 1 cucharadita de sirope de agave. 1 cucharadita de vainilla. Topping: rodajas de fresas, avena y hojas de menta fresca","Lava, pela y trocea todas las frutas.. Introduce la avena, las frutas y demás ingredientes en la licuadora o batidora y mezcla bien.. Procede a realizar un triturado bien homogéneo, sin grumos y sin trozos.. Sirve en un vaso para batidos y agrega las rodajas de fresas, un poco de avena en hojuelas y dos hojas de menta fresca.. Puedes tomarlo a temperatura del tiempo o refrescarlo bien."
"Pesto de berenjena con huevo de codorniz, receta de cena rápida saludable",2022-02-18 18:00:37+00:00,https://okdiario.com/recetas/pesto-berenjena-huevo-codorniz-receta-cena-rapida-saludable-8602469/,1 baguette. 5 huevos de codorniz. 2 berenjenas grandes. 50 gr de almendras peladas o laminadas. Ralladura de 1 limón. 20 gr de queso Parmesano rallado. Aceite de oliva. Pimienta negra. Sal,"Esta receta de pesto de berenjena con huevo de codorniz es muy fácil de cocinar y siempre quedará de vicio.. Vamos a usar unas tostadas para darle forma de tapa a esta elaboración, será más fácil de comer y de disfrutar de una cena rápida frente al televisor o con amigos.. Nos ponemos manos a la obra lavando y secando las berenjenas, las perforamos con un tenedor para que se cocinen más rápidamente.. Usaremos el microondas para ganar algo de tiempo. Las colocamos a máxima potencia hasta que queden blandas.. En ese momento las retiramos del microondas, esperamos a que se enfríen para después retirar la piel y sacar la carne de estas berenjenas.. Las pasamos por un colador para que eliminen parte de su amargor y las trituramos un poco más para que nos quede un tipo crema.. En el mismo vaso de la batidora, le incorporamos las almendras, el queso y la ralladura de limón para que se integren todos los sabores.. Mezclamos e incorporamos el aceite de oliva, salpimentamos al gusto para conseguir el pesto definitivo.. Cocinamos los huevos de codorniz en un sartén con un chorrito de aceite de oliva para que queden más jugosos.. Continuamos con la baguette, la vamos a cortar en rodajas del mismo tamaño para que se tueste el pan.. Sobre el pan untamos una buena capa de pesto de berenjenas y, a continuación, colocamos el huevo de codorniz con unos brotes o un poco más de queso.. Tendrás lista la cena rápida saludable más deliciosa del mundo, el pesto de berenjena con huevo de codorniz está increíble."
"Aceitunas prietas, la receta tradicional sevillana para un aperitivo de lujo",2022-02-18 17:00:22+00:00,https://okdiario.com/recetas/aceitunas-prietas-receta-tradicional-sevillana-aperitivo-lujo-8602241/,Aceitunas negras. 1 cabeza de ajos. Cominos. Pimientos rojos o ñoras. Orégano. Sal,"Las aceitunas prietas necesitan tiempo y esfuerzo para que queden como las que se han recuperado de la mano de una empresa local. Podemos probarlas a un solo clic o aventurarnos a cocinarlas.. Lo importante de este tipo de receta es contar con una buena materia prima que garantice el acabado que buscamos.. Tradicionalmente se usaba un cesto o un cajón. Se colocaba una capa de aceitunas y encima una de sal. Se hacían varias capas hasta que se llegaba a lo más alto del cajón.. En ese momento se presionaba y colocaba algo de peso encima. De esta manera se maceraban con sal en un lugar seco durante un mes.. Se curaban las aceitunas hasta que estaban listas, pasado este tiempo, llegaba el momento del aliño que es lo que las convertía en ese bocado o aperitivo maravilloso.. Ponemos la cabeza de ajos, un poco de comino y las ñoras o pimiento seco en el vaso de la batidora.. Trituramos todo hasta crear una pasta que será la que le aporte sabor a las aceitunas prietas que estamos creando.. Mezclamos con las aceitunas cuando estén curadas y si nos apetece darles un poco más de sabor colocamos una pizca de orégano.. De esta manera conseguiremos unas aceitunas prietas casi tradicionales. Las podemos probar en primera persona en su pueblo de origen o pedir a domicilio.. Es una forma de conseguir disfrutar de uno de los aperitivos nacionales que no puede perderse por nada del mundo.. Estas deliciosas aceitunas prietas estarán listas para triunfar en cualquier mesa. Son puro vicio mientras vemos la televisión o disfrutamos de una tarde en casa.. Atrévete a probarlas o crear tu propia versión, mientras no puedes viajar al corazón de Andalucía o pedir un bote de estas maravillosas aceitunas."
Receta de limonada de frambuesa,2022-02-18 16:00:46+00:00,https://okdiario.com/recetas/receta-limonada-frambuesa-8600907/,500 mililitros de zumo de limón. 300 gramos de frambuesas congeladas o frescas. 310 gramos de azúcar. 1 litro y medio de agua. Hojas de menta para decorar. Cubitos de hielo,"Lavamos muy bien las frambuesas y cortamos a la mitad.. Colocamos en una batidora la frambuesa picada junto al azúcar. Trituramos hasta obtener una mezcla homogénea.. Enseguida pasamos a un colador puesto sobre un recipiente. Con ayuda de una cuchara vamos a empujar hacia abajo para separar las pepitas, las cuales desechamos. En el recipiente vertemos el zumo de limón y mezclamos muy bien con una paleta de madera.. Esta mezcla la vamos a verter en una jarra grande y añadimos el litro y medio de agua. Revolvemos lo suficiente para que se integren.. Refrigeramos un rato antes de consumir.. Pasado este tiempo servimos en vasos con hielo y decoramos con las hojas de menta."
Receta de focaccia de aceitunas,2022-02-18 16:00:36+00:00,https://okdiario.com/recetas/focaccia-aceitunas-2402379/,500 gr. de harina fuerza. 200 ml de agua tibia. 10 g de levadura seca. 75 ml de aceite de oliva. 1 cucharadita de sal. 75 ml de vino blanco. 150 g de aceitunas deshuesadas o rellenas. 1 cucharada de orégano fresco picado. 1 cucharada de tomillo,"Esta receta es muy fácil de preparar, necesitamos ponernos manos a la obra buscando unos ingredientes que seguro que tenemos a mano.. La calidad de esta materia prima es lo que acabará generando la focaccia de aceitunas perfecta en todos los sentidos.. Empezamos preparando la masa. Mezclamos la harina fuerza con la levadura seca y la sal por los lados.. Haremos la mezcla con la ayuda de las manos o de una cuchara, este tipo de masa invita a hacerlo con las manos como antiguamente.. Continuamos colocando los ingredientes secos, hacemos en medio un agujero, como si fuera un volcán y le añadimos agua tibia.. Vamos uniendo todos los ingredientes con las manos, cuando tenemos todo listo, incorporamos el vino blanco y el aceite de oliva de buena calidad.. Retiramos la masa del recipiente y añadimos un poco de harina por encima. Amasamos continuamente por unos 10 minutos hasta que quede elástica.. Seguidamente continuamos con las aceitunas, las cortamos en trozos medianos e incorporarlos a la masa.. A continuación, colocamos la masa en un bol tapada con un paño limpio y dejar reposar durante 60 minutos.. Pasado este tiempo la masa habrá doblado su volumen, será el momento de sacarla del bol y darle un breve amasado.. En una bandeja de horno previamente engrasada, distribuimos la masa estirando hacia las esquinas.. Dejamos que repose unos 20 minutos, mientras precalentamos el horno, lo ponemos a unos 200º. Horneamos la focaccia de aceitunas 20 minutos a 200º hasta que comprobamos que la masa está cocinada.. Tendremos listo el aperitivo más delicioso del momento en un abrir y cerrar de ojos, solo nos quedará probarla."
Natillas caseras de huevo y dátiles,2022-02-18 12:45:31+00:00,https://okdiario.com/recetas/natillas-caseras-huevo-datiles-8600804/,4 yemas de huevo. 150 gramos de azúcar. 80 gramos de dátiles sin hueso. 16 gramos de almidón de maíz. 1 rama de canela. Piel de limón. 500 mililitros de leche,"Verter la leche en una cacerola junto con la rama de canela y la piel del limón. Cocinar a fuego suave hasta que rompa el hervor. No hace falta que hierva demasiado, solo que rompa el hervor, y luego ya se dejará infusionar.. Apagar el fuego, tapar la cacerola y dejar reposar la mezcla durante una hora.. Cortar los dátiles en dados pequeños y reservar. El tamaño de los trozos de dátiles dependerá del tamaño de los tropezones que luego deseamos encontrarnos entre las natillas.. Batir las yemas y añadir el almidón de maíz. Mezclar bien.. Colar la preparación de la leche e incorporar los dátiles y el azúcar.. Calentar la leche de nuevo en una cacerola a fuego bajo y verter la mezcla de huevo y almidón.. Remover con unas varillas hasta que la mezcla espese.. Retirar del fuego y colocar en cuatro recipientes para natilla o flan."
Tortilla rellena de carne picada,2022-02-18 11:00:50+00:00,https://okdiario.com/recetas/tortilla-rellena-carne-picada-8600755/,1 kilo y medio de patatas. 8 huevos grandes. Aceite. sal,"Pelar y cortar las patatas en dados medianos.. Pelar y picar las cebollas en juliana delgada.. Freír las patatas en una sartén con aceite caliente a fuego medio alto.. Retirar las patatas del fuego escurrir y reservar.. Sofreír la carne en una sartén, agregar las cebollas y rehogar hasta que se caramelicen.. Sazonar la carne con jengibre, cúrcuma, sal y pimienta. Remover bien y cocinar durante 20 minutos. Reservar.. Cascar los huevos y batir con un poco de sal y pimienta en un bol.. Calentar el aceite a fuego medio alto en una sartén mediana y profunda.. Verter la mitad de la mezcla de huevos y la mitad de las patatas. Tapar la sartén y cocinar durante 10 minutos.. Incorporar el relleno de carne picada y dejar cocinar durante 5 minutos.. Añadir el resto de la mezcla de huevos y de patatas. Cocinar a fuego medio bajo durante 10 minutos.. Voltear la tortilla y cocinar durante 5 minutos más.. Adornar con perejil finamente picado y servir."
Recetas de bebidas: tejuino,2022-02-18 10:45:40+00:00,https://okdiario.com/recetas/recetas-bebidas-tejuino-8600676/,500 gramos de masa o puré de maíz. 500 gramos de panela. 6 limones. 5 litros de agua. Hielo en trocitos. Sal,"Derrite por completo la panela en 3 litros de agua a fuego medio bajo. Remueve con frecuencia para evitar que se adhiera al fondo o se queme.. Mientras tanto, en una licuadora vierte la masa de maíz y el agua restante. Puedes licuar en dos partes para asegurar que no se derrame y quede homogéneo.. Cuando esté totalmente derretida la panela, vierte la masa licuada y comienza a remover hasta que hierva. La mezcla espesará al cabo de unos 5 minutos. Retira del fuego.. Lava, corta y exprime los limones. A continuación, incorpora a la mezcla, pero primero usa un colador para no dejar gajos. Remueve, deja que repose y lleva al refrigerador alrededor 12 horas.. Al cabo de ese tiempo, saca la mezcla del refrigerador y cubre con un pañuelo de algodón. Reserva en una zona seca y fresca de la casa durante 48 horas.. Después de dos días conseguirás una mezcla fermentada y cuajada. Vierte en partes iguales en la licuadora con un litro más de agua.. Sirve con hielo en trocitos, una pizca de sal y listo."
"Flan de huevos y dátiles, una receta sencilla",2022-02-18 09:15:11+00:00,https://okdiario.com/recetas/flan-huevos-datiles-receta-sencilla-8600502/,100 gramos de dátiles. 400 gramos de leche entera. 4 huevos medianos. 100 gramos de leche condesada. Caramelo líquido,"Verter el caramelo líquido en 6 flaneras individuales y guardar en la nevera para que espese.. Deshuesar los dátiles y picarlos finamente.. Colocar los dátiles picados en un bol junto con la leche, los huevos y la leche condensada.. Mezclar con una batidora de mano durante dos minutos hasta obtener la base del flan.. Sacar las flaneras de la nevera y colocar sobre una rejilla dentro de un molde para hornear con agua.. Verter la mezcla del flan en cada molde en forma equitativa y tapar con papel aluminio.. Cocinar en baño maría en el horno a 150 grados centígrados durante 75 minutos.. Pinchando el interior de un flan, con una brocheta o palillo limpio, que tiene que salir seco, sabremos si está el postre cocinado.. Retirar del horno y poner a enfriar en la nevera por 30 minutos.. Desmoldar y servir."
Tofu al sésamo: receta 100% vegana,2022-02-18 08:45:59+00:00,https://okdiario.com/recetas/receta-tofu-sesamo-3610390/,400 gramos de tofu firme. 2 cucharadas de sésamo tostado. 1 cucharadita de aceite de sésamo. 100 gr de harina de maíz. 3 cucharadas de aceite de girasol y 1 cucharada para la salsa. 3 cucharadas de tamari (o salsa de soja). 2 dientes de ajo. 2 cucharadas de vinagre de manzana. 2 cucharadas de sirope de agave. 1 trozo pequeño de jengibre. 120 ml. de aproximadamente,"Escurre y seca el bloque de tofu con ayuda de un paño limpio durante unos 20 minutos.. A continuación, corta el tofu en dados pequeños de unos dos centímetros aproximadamente.. En un cuenco, coloca la harina de maíz y procede a enharinar los cubos de tofu cuidadosamente para darle mayor consistencia. Si hace falta harina, agrega más.. Lleva una sartén con aceite al fuego y, cuando esté caliente, reduce la llama e incorpora los dados de tofu.. Rehoga los dados de tofu hasta que se doren cada lado. La idea es queden crujientes y un poco tostados.. Retira el aceite de la sartén y coloca los dados de tofu en un plato con papel de cocina.. En la misma sartén, añade otra cucharada de aceite y dora un poco los ajos, finamente picados, y el trozo de jengibre rallado.. Después, incorpora la salsa de soja, el vinagre de manzana, el sirope de agave, el aceite de sésamo y medio vaso de agua. . Reduce la llama al mínimo y deja cocinar durante 1 minuto.. Pon a punto de sal.. Aparte, en un bol, mezcla una cucharada de harina con un poco de agua, hasta obtener una pasta homogénea.. Incorpora la pasta de harina a la salsa y remueve cada cierto tiempo para evitar que se formen grumos. Deja cocinar hasta que la salsa se espese, pero no demasiado. Si es necesario, añade más agua.. Finalmente, añade los dados de tofu y mezcla bien. . Sirve los dados de tofu y colócale las semillas de sésamo tostadas por encima para adornar y darle sabor."
"Bizcocho de galletas Príncipe, receta de postre jugoso y esponjoso listo en 5 minutos",2022-02-17 18:00:28+00:00,https://okdiario.com/recetas/bizcocho-galletas-principe-receta-postre-jugoso-esponjoso-listo-5-minutos-8596451/,250 gr galletas príncipe. 3 huevos. 120 gr azúcar. 200 gr leche. 100 gr aceite girasol. 1 sobre levadura,"Este increíble bizcocho de galletas Príncipe hará las delicias de toda la familia, lo podemos disfrutar de una y mil formas diferentes.. Estas galletas rellenas de cacao son una de las más buscadas para desayunar o merendar, las vamos a transformar en la base de un bizcocho espectacular.. Ponemos las galletas directamente en el vaso de la batidora y las trituramos. Crearemos una pasta que será la que le aporte el sabor a un bizcocho espectacular.. Le añadimos el aceite de girasol sin dejar de remover, el color a cacao será más brillante que nunca.. Incorporamos los huevos para que quede un poco más suelta la masa y le añada la esponjosidad que buscamos.. La leche será el ingrediente ideal para suavizar la masa, podemos ponerle una leche desnatada o sin lactosa.. A continuación, llega el turno del azúcar, este ingrediente es muy personal, las galletas ya son dulces, aunque un poco más nunca viene mal.. También le añadiremos unas cucharadas de cacao en polvo si queremos potenciar el sabor del chocolate.. El último ingrediente es el que le dará el acabado que buscamos, el sobre de levadura. Sin dejar de remover lo incorporamos.. Preparamos la fuente para horno, la untamos con mantequilla para que no se pegue la masa, de esta manera nos quedará un bizcocho de lujo.. Tendremos listo el horno, precalentamos a 180º. De esta manera el bizcocho nos quedará firme y esponjoso, el horno debe estar caliente antes de introducir nuestra masa.. Horneamos a 180º durante unos 45 minutos hasta obtener un bizcocho de galletas Príncipe delicioso y muy fácil de preparar. Sorprende a invitados y familiares con este postre."
"Croquetas de jamón y queso sin gluten ni lactosa, receta fácil de preparar",2022-02-17 17:00:00+00:00,https://okdiario.com/recetas/croquetas-jamon-queso-sin-gluten-ni-lactosa-receta-facil-preparar-8595939/,"180 gr de harina de maíz. 1 rulo de queso de cabra sin lactosa. 1 cebolla. 3 zanahorias. 200 gr de mantequilla sin lactosa. Jamón en taquitos. 1,5 l de leche sin lactosa. Pan rallado sin gluten. Huevos","Esta receta se cocina rápidamente y no tiene ningún secreto, es la ideal si sufrimos intolerancia a determinados ingredientes.. La parte más complicada será hacerse con todos los ingredientes, lo demás será un juego de niños. Ellos nos pueden ayudar a prepararlas.. Nos ponemos manos a la obra colocando la mantequilla en la sartén mientras pelamos y troceamos la cebolla.. Pochamos la cebolla y preparamos la zanahoria. La pelamos y rallamos para que se cocine más rápidamente junto a la cebolla.. Esta será la base de las croquetas a la que le añadiremos el jamón cortado en taquitos. Este ingrediente, junto con el queso ya es salado, con lo cual, no necesitaremos incluir más sal.. Cuando tenemos todo bien sofrito lo podemos triturar para que se mezcle mejor en la masa de croqueta o dejar los tropezones.. Con la base lista, le añadimos el queso de cabra y ponemos de nuevo en el fuego hasta que el queso se funda.. A continuación, ponemos la harina y la tostamos. Usaremos una harina de maíz que le dará sabor y alegría a esta masa.. Incorporamos la leche poco a poco hasta que nos quede una masa de la consistencia adecuada que tenga todo listo para triunfar.. Dejamos que la masa se enfríe antes de darles forma a las croquetas. El último paso será rebozarlas con el pan rallado y el huevo.. Freímos con abundante aceite y disfrutamos de unas croquetas de jamón y queso sin gluten ni lactosa de esas que difícilmente se olvidan."
Receta de mangonada,2022-02-17 13:00:28+00:00,https://okdiario.com/recetas/receta-mangonada-8593060/,"230 gramos de dados de mango frescos o congelados. Salsa chamoy al gusto (salsa condimento mexicano, opcional). 120 mililitros de agua. El zumo de una lima o limón. 1 cucharada de azúcar o de miel de abeja. Tajín al gusto (salsa condimento de chiles, opcional)","Comenzamos dejando los mangos a temperatura ambiente un rato, hasta que se descongelen un poco.. Deben estar previamente cortados en dados para que sea más sencillo licuarlos.. En una batidora añadimos los trozos de mango, al zumo de lima o limón, el azúcar o la miel y el agua.. Trituramos todo junto hasta obtener una textura homogénea.. Vertemos un poco de la salsa en los bordes de un vaso. Esparcimos el tajín en un plato y pasamos el borde del vaso por él.. Colocamos chamoy en el fondo y en las paredes del vaso.. Agregamos una capa de mango y otra de la salsa picante hasta terminar.. Decoramos con más salsa tajín encima y disfrutamos."
Croquetas de beicon y dátiles,2022-02-17 12:45:11+00:00,https://okdiario.com/recetas/croquetas-beicon-datiles-8592831/,200 gramos de beicon. 10 dátiles sin semillas. 50 gramos de harina. 50 ml de aceite de oliva (o 50 gramos de mantequilla). 500 ml de leche. Sal. Nuez moscada. 2 huevos. Pan rallado. Aceite de girasol,"Cortar en trozos pequeños el beicon.. Cortar en trozos pequeños los dátiles.. Colocar en una sartén el aceite de oliva o la mantequilla, y agregar el beicon. Cuando este se haya dorado un poco añadir los dátiles. Bajar el fuego y esperar a que los dátiles se deshagan.. Agregar la harina y remover despacio para que se vaya integrando, poner un poco de sal y una pizca de nuez moscada, y luego ir incorporando la leche en pequeñas cantidades, hasta que el conjunto se espese. Apagar.. Dejar que la masa se enfríe y guardar por unas tres horas en la nevera.. Sacar de la nevera y hacer con la masa unas bolitas.. Batir dos huevos en un plato sopero, y en otro colocar el pan rallado.. Pasar las croquetas por los huevos y luego por el pan rallado, para conseguir una textura crujiente. Si se quiere todavía más crujiente, pasar por harina-huevo-pan rallado-huevo-pan rallado.. Colocar abundante aceite en una sartén o en una cacerola. Cuando el aceite esté bien caliente agregar las bolitas y freír hasta que se doren. Retirar y colocar en papel secante, para retirar el exceso de aceite.. Colocar en una fuente y servir caliente."
Acelgas al ajillo en salsa de dátiles,2022-02-17 11:15:09+00:00,https://okdiario.com/recetas/acelgas-ajillo-salsa-datiles-8592704/,6 dátiles sin hueso. 1 limón. 500 gramos de acelgas. 3 dientes de ajo. 100 gramos de puerro. 60 ml de aceite de oliva extra virgen (4 cucharadas). 500 ml agua. Sal y pimienta,"En una cacerola hervir agua, cuando alcance el punto de hervor apagar y agregar los dátiles. Dejar en remojo durante una hora.. Rallar la corteza del limón y reservar. Exprimir el limón en el agua con los dátiles y comenzar a triturar hasta que quede una salsa suave. Poner a punto de sal y colocar en una salsera.. Lavar las acelgas y el puerro, y luego proceder a cortar en rodajas los puerros, solo la parte blanca.. Separar el tallo, la parte blanca, de la acelga. Cortar la parte blanca y cocinar en una cacerola con agua durante unos quince minutos, para ablandar.. Trocear las hojas de. Aplastar un poco los dientes de ajo y luego cortar en rodajas finas.. Poner el aceite de oliva en una sartén y saltear los puerros, ambas partes de las acelgas (la blanca y la verde), y las rodajitas de ajo. Agregar la ralladura de limón, y sal y pimienta al gusto.. Colocar en una fuente y servir con la salsa aparte, para que cada comensal aderece al gusto."
Batido de pera y manzana con toque de menta,2022-02-17 10:45:51+00:00,https://okdiario.com/recetas/batido-pera-manzana-toque-menta-8592650/,Manzana. Pera. 1 naranja. 1 cucharada de miel. 2 hojas de menta,Pelar la naranja y cortar en cuatro mitades.. Lavar y cortar la manzana en varios trozos sin remover su piel.. Lavar y cortar la pera en trozos sin retirar su piel.. Colocar la naranja y la manzana en el vaso de la licuadora y añadir unos 200 mililitros de agua.. Incorporar la pera y añadir otros 200 mililitros de agua.. Añadir la cucharada de miel al resto de los ingredientes.. Triturar todo con la licuadora hasta obtener una mezcla homogénea.. Verter el batido en una jarra y colocar las hojas de menta.. Enfriar el jugo una media hora y servir.
Dorada con escabeche y naranja: receta rápida,2022-02-17 09:00:39+00:00,https://okdiario.com/recetas/receta-dorada-escabeche-naranja-4972404/,1 dorada. 2 naranjas. Aceite de oliva. Sal al gusto. Pimienta blanca. 3 dientes de ajo. 2 hojas de laurel,"Compra una dorada fresca y rebanada por la mitad.. Limpia bien los filetes de la dorada y retira todas las espinas.. Lleva una sartén al fuego con un chorrito de aceite de oliva. Añade el lomo de la dorada y deja freír hasta que dore por ambos lados.. Retira los filetes de la dorada del fuego y cuela el aceite de su cocción.. A continuación, exprime el jugo de dos naranjas y ralla su piel. Asegúrate de que sea parte naranja, ya que la parte blanca podría darle un sabor amargo al aderezo.. Vierte nuevamente el aceite usado sobre la sartén y lleva al fuego.. Añade las hojas de laurel para darle sabor e incorpora los ajos sin pelar.. Deja enfriar hasta que los ajos se doren. Al cabo de unos 5 minutos, añade la ralladura de naranja y una vez adquiera color, incorpora el zumo. Esta será la base del escabeche de naranja para la dorada. Da un punto de sal, al gusto.. Una vez que se haya reducido el zumo de naranja a la mitad, agregamos nuevamente los filetes de dorada.. Cocina todos los ingredientes en la sartén durante 10 minutos más. De esta forma, se potenciarán las cualidades de la dorada y su exquisito sabor.. Transcurrido el tiempo, la dorada con escabeche y naranja estará lista."
