url,title,date,text
https://www.pequerecetas.com/receta/recetas-faciles-microondas/,3 recetas fáciles con microondas para un menú diario,2010-09-22 08:13:03+02:00,"Las recetas con microondas nos pueden sacar de más de un apuro cuando estamos con falta de tiempo, que suele ser casi siempre…

Ya os hemos comentado en otras ocasiones las ventajas de las recetas con microondas, que sirve no sólo para descongelar o calentar alimentos. Y aunque os parezca increíble, se pueden preparar recetas clásicas como la tortilla de patatas en microondas, o recetas rápidas como el exitoso bizcocho microondas 5 minutos.

Para todos aquellos que tenéis vuestras dudas sobre la seguridad del microondas, aquí os dejamos unos consejos para cocinar con microondas, y por supuesto este completo menú compuesto por un primer plato, un segundo y un postre en microondas que hará las delicias de toda la familia…

Crema de tomate en microondas

Ingredientes:

1/2 kilo de tomates maduros

4 cucharadas aceite

1/2 cebolla

1 cucharada mantequilla

1 cucharada harina

1 vaso leche

2 vasos agua

1 cubito de caldo vegetal

1 cucharada de nata

1 cucharadita orégano picado

sal y pimienta al gusto

Preparación de la crema de tomate:

1. Escaldamos los tomates. Para ello, calentamos en un recipiente profundo bastante agua en el microondas hasta que hierva, introducimos los tomates, les damos un hervor durante un minuto. Ahora la piel es fácil de pelar. Mientras tanto, podemos aprovechar para picar la cebolla. La reservamos.

2. En un recipiente apto para microondas calentamos el agua con el cubito hasta que este se disuelva, unos 4 min. Reservamos.

3. Preparamos la bechamel. En un recipiente para microondas, ponemos la mantequilla y la fundimos en el microondas. Incorporamos la harina, formando una pasta, lo cocemos durante unos dos minutos a máxima potencia. Tiene que hervir. Añadimos la leche y lo metemos unos cuatro o cinco minutos más al microondas, hasta que espese y se forme la bechamel. Hay que remover a la mitad del tiempo. Reservamos.

4. Colocamos en una fuente profunda para microondas (que tenga tapa) el aceite, la cebolla, orégano y los tomates (en trozos grandes). Lo dejamos a máxima potencia durante unos 7 min., con la tapa. Pasamos la mezcla por la batidora eléctrica.

5. Añadimos la bechamel y el caldo, salpimentamos al gusto y lo cocinamos a la máxima potencia durante 6 a 8 min., con la tapa.

6. Removemos, ponemos la nata y servimos caliente. Se puede servir con algunos trozos de pan fritos

Alitas de pollo en salsa de soja, miel y limón

Ingredientes:

Ajo en polvo

40 gr de zumo de limón

40 gr de miel

40 gr de salsa de soja

25 gr de aceite de oliva virgen

½ cucharadita de jengibre en polvo

Pimienta negra molida

1 cucharadita (de café) bien colmada de maizena (unos 6 gramos)

Un poquito de agua para deshacer la maizena

800 gr de alitas de pollo

Preparación de las alitas de pollo en microondas:

Mezclar el agua con la maizena en un vasito, a parte mezclar todos los demás ingredientes ahora añadir el agua con la maizena y mezclar. En un bol poner las alitas de pollo y echar por encima la salsa, reservar y dejar marinar como mínimo ½ hora.

Poner en una fuente apta para el microondas las alitas de pollo y la salsa. Cocer en combinado (55% microondas + 45% grill) 900W durante 20 minutos. Si vuestro microondas es de menos W añadir un poco más de tiempo, también depende de la temperatura a la que estén las alitas con la salsa. Si os gusta un poco más dorado podéis ponerlo unos minutitos en el grill (con la rejilla).

Manzanas asadas en microondas

Ingredientes de las manzanas asadas:

4 manzanas, Golden o Reineta.

4 cucharadas de miel.

Preparación de las manzanas asadas en microondas:

En una bandeja para microondas ponemos las manzanas sin el corazón y abiertas por la parte superior. Les añadimos una cucharada de miel a cada una por encima y por el agujero superior las mojamos con unas gotas de agua.

Las introducimos en el microondas unos diez minutos aproximadamente al 70% de potencia.

Una vez asadas, las dejamos reposar 5 minutos si las queremos consumir calientes o si no, las dejamos enfriar.

Las servimos con el almíbar que se habrá formado por la miel y el agua y los jugos de las propias manzanas.

Fuentes: mividaendospalabras; Mundorecetas; Consumer"
https://www.pequerecetas.com/receta/tarta-queso-piruletas/,Tarta de queso en piruletas,2010-09-21 10:50:11+02:00,"La tarta de queso tiene algo que gusta a todo el mundo, pero si de verdad queréis impactar, no dejéis de probar estas piruletas de tarta de queso de dos colores. A los niños les encantará tomar su porción de tarta de cumpleaños de esta forma tan original.

Una buena idea siempre es jugar a cocinar con los niños, y este tipo de recetas infantiles es una forma de hacerles participar en la preparación de su fiesta de cumpleaños. Así estarán aún más encantados cuando saquéis esta divertida idea en su fiesta…

Si os ha gustado la idea de las piruletas, aquí podéis ver muchas más que os encantarán…

Tarta de queso en piruletas

Ingredientes:

2 tarrinas de queso crema de 225 g a temperatura ambiente

2/3 taza de azúcar

2 cucharadas y 2 cucharaditas de harina para todo uso

1/3 taza de crema agria , a temperatura ambiente

, a temperatura ambiente 1/2 cucharadita de extracto de vainilla

2 huevos, temperatura ambiente

1 cucharada de cacao en polvo

10-12 brochetas de madera o palos de piruleta

Preparación de la tarta de queso

1. Precalentar el horno a 180ºC. Preparar un recipiente cuadrado o molde desmontable de 20×20 cm aproximadamente con mantequilla y papel pergamino. Poner una olla de agua a hervir (que será utilizada para el baño maría).

2. En el cuenco de una batidora eléctrica provista de pala de batir, batir el queso crema a velocidad media hasta que esponje, unos 3 minutos, raspando los lados, según sea necesario. En un tazón grande, mezclar el azúcar y la harina. Con la batidora a velocidad baja, gradualmente agregar la mezcla de azúcar y harina con el queso crema y mezclar hasta que quede suave. Añadir la crema agria (puedes encontrar la receta de crema agria aquí) y la vainilla, y mezclar hasta que quede suave. Añadir los huevos uno a uno, batiendo hasta que estén mezclados.

3. Echar aproximadamente la mitad de la mezcla de queso en un tazón mediano. Tamizar el cacao en polvo en ella y mezclar hasta que se disuelva.

4. No importa qué color va primero. Echar 1 taza de una mezcla en el centro del recipiente. Se extenderá por sí sola para cubrir el fondo. A continuación, verter 1 taza de la otra mezcla directamente en la mitad de la primera mezcla (también se extenderá). Luego volver a echar un poquito de la primera mezcla en el centro. Seguir haciendo esto alternativamente entre las dos mezclas hasta que se consuman.

5. Ahora manejar el molde con mucho cuidado para no alterar el diseño. Colocar el molde dentro de un recipiente grande para hornear. Con cuidado, echar cucharadas de agua hirviendo en la cacerola hasta llegar aproximadamente a la mitad de los laterales del molde en el que se encuentra la crema de queso. Hornear 15 minutos, luego reducir la temperatura del horno a 160ºC. Continuar horneando hasta que la tarta de queso esté sólida, pero todavía ligeramente tambaleante en el centro, aproximadamente 10 minutos más. Apagar el horno, dejar la tarta dentro con la puerta entreabierta, durante 30 minutos. Pasar luego la bandeja a una rejilla, dejar enfriar por completo. Refrigerar, sin tapar, por lo menos 3 horas o toda la noche.

6. Antes de desmoldar, pasar un cuchillo alrededor del borde de la tarta de queso. Si no usáis un molde desmotable aquí os explicamos cómo podéis hacerlo fácilmente.

7. Cuando la tarta de queso esté fría y muy firme, utilizar un cortador de galletas de metal para cortar el pastel de queso. Colocar las formas de queso en una bandeja de horno forrada con papel pergamino. Con cuidado, insertar un palo de piruleta en cada forma de tarta de queso. Congelar las piruletas de tarta de queso, sin tapar, hasta que se encuentren muy duras, por lo menos de 1 a 2 horas. Este paso es para asegurarse de que la tarta de queso está bien asegurada a los palos de piruleta.

8. Retirar del congelador y descongelar durante 15-20 minutos antes de servir.

9. Si las queréis más espectaculares podéis sumergir estas piruletas en chocolate de coberturda derretido y decorar con migas de galletas, fideos de colores, etc…

Fuente e imágenes: Dessert all the time"
https://www.pequerecetas.com/concursos-y-sorteos/sorteo-oclio/,"Elige tu regalo de oclio, ¡nuestro primer sorteo tras las vacaciones!",2010-09-20 10:20:29+02:00,"Ya estamos en septiembre, con los niños en el cole y de vuelta en la rutina (a veces agradable…) del día a día. Pero ya sabéis que nuestro objetivo en Pequerecetas es conseguir que la rutina se vuelva menos rutina y que al menos la alimentación infantil deje de ser una preocupación para vosotros.

Los que ya sois habituales sabéis que uno de nuestros hits son los sorteos que realizamos periódicamente presentando las mejores tiendas de la red. Durante el verano realizamos una pausa, pero ya tenemos muchas sorpresas preparadas, y la primera es de oclio, una tienda en la que vais a encontrar miles de referencias de productos infantiles… ¡y que esta semana sortea entre nuestros lectores uno de estos 3 fantásticos regalos! ¿Te apuntas?…

En oclio vais a encontrar prácticamente cualquier cosa que podáis necesitar del universo infantil: Sillas de coche, Sillas de Paseo, Puericultura, Pañales, Seguridad, Juguetes y estimulación, Mobiliario y deco, Ropa de Bebé, Productos Bio… su catálogo es infinito y a unos precios estupendos…

Por eso os vamos a pedir que os deis un paseo por ese inmenso «centro comercial», y nos digáis qué sección o artículo os ha gustado más… Entre los comentarios recibidos saldrá nuestro ganador, que podrá elegir entre un orinal modelo Torro de HopPop, un divertido carrusel para trona o un precioso bolso cambiador Tactic. Si pincháis en los diferentes enlaces os llevará a la descripción de cada regalo.

Tenéis hasta el día 26 de septiembre, y anunciaremos los ganadores el día 27, poniéndonos en contacto con el ganador vía email en el que hayáis facilitado al participar. ¡Mucha suerte a todos!

Ir a oclio

Nota: El envío sólo podrá realizarse a territorio español. Sólo se admite un único comentario por persona. Nos pondremos en contacto a través del email de contacto que solicitamos. Si pasados 30 días desde el anuncio del ganador, éste no hubiera respondido, entenderemos que renuncia al premio.

Sorteo Cerrado: La ganadora del sorteo celebrado del 20 al 26 de septiembre ha sido Natalia Torras, con el comentario nº10."
https://www.pequerecetas.com/menus-semanales-para-ninos/plantilla-menu-semanal-2/,Cómo planificar tu menú semanal familiar,2010-09-20 00:13:58+02:00,"El menú semanal es una forma estupenda de organizarse el tiempo todos los días, ya que te evita la tediosa tarea de estar pensando continuamente qué preparar para comidas y cenas, con el inconveniente de ni siquiera haber planificado la compra…

Si seguís nuestros consejos veréis cómo la alimentación infantil y de la familia deja de ser un problema.

Periódicamente desde Pequerecetas os vamos haciendo sugerencias de diferentes menús infantiles: menús para niños con 1 año, menús para niños a partir de 2 años, e incluso os damos consejos sobre cómo organizar el menú semanal de purés para los bebés.

Hoy os traemos la plantilla de menú semanal, para que vosotros mismos podáis crear vuestros propios menús, siguiendo algunas de nuestras sugerencias en cuanto a las raciones diarias recomendadas de cada alimento.

Recomendaciones a seguir en el menú semanal familiar

Os recordamos los consejos para elaborar vuestro propio menú semanal:

El fin de semana puedes dejar algún día libre por si queréis salir a comer a algún restaurante, al campo o a casa de algún amigo.

En una hoja de papel aparte, haz una lista de comidas que le gustan a tu familia y a tus hijos. Hazlo en grupos de 4 ó 5 tipos de alimentos, puedes empezar con la pasta, luego puedes seguir con pollo, pescado, etc… Puedes inspirarte en nuestras diferentes secciones de recetas para niños .

. Ahora, coge tu plantilla y comienza a llenar las casillas de la lista.

Añade acompañamientos para cada plato, como las patatas, hervidas, al horno, asadas o fritas. Y equilibra la comida con verduras y un postre.

Tus comidas no tienen que ser complicadas ni aburridas para ser nutritivas . Incluso la “comida rápida” hecha en casa con ingredientes de buena calidad es una opción estupenda que puede ser sana y muy atractiva para los niños. Las pizzas caseras , los fingers de pollo y las hamburguesas hechas con ingredientes orgánicos y aceite de oliva se pueden codear perfectamente con otros alimentos. También puedes probar a hacer hamburguesas de lentejas o hamburguesas de alubias para incorporar las legumbres al menú infantil

. Incluso la “comida rápida” hecha en casa con ingredientes de buena calidad es una opción estupenda que puede ser sana y muy atractiva para los niños. Las , los y las hechas con ingredientes orgánicos y aceite de oliva se pueden codear perfectamente con otros alimentos. También puedes probar a hacer hamburguesas de lentejas o hamburguesas de alubias para incorporar las legumbres al menú infantil Mantén el «cinco al día» como directriz en tu mente… deberíamos comer 5 raciones de frutas y vegetales cada día .

como directriz en tu mente… deberíamos comer . Los días en que sabes que no vas a estar en tu mejor momento (¿viernes?) o cuando tienes que ir corriendo, pon una comida sencilla, como arroz blanco con tomate por ejemplo, una comida que los niños nunca rechazan..

con tomate por ejemplo, una comida que los niños nunca rechazan.. Utiliza los días que tienes más tiempo y energía para elaborar comidas más complicadas que requieren más tiempo para prepararse.

que requieren más tiempo para prepararse. Piensa en tu horario…por ejemplo, ¿puedes hacer saltar el horno a una hora para que se encuentre preparado un pollo y patatas asadas cuando lleguéis a casa tras la jornada escolar y de trabajo? ¿Hay algún momento en que puedas preparar dos o tres cosas a la vez para luego congelarlas y simplemente calentarlas durante la semana?

y simplemente calentarlas durante la semana? Consigue que tus hijos participen lo más posible en la planificación del menú, les podríais animar a que os ayuden a preparar la lista de la compra e incluso a cocinar algún plato.

Y como ya os hemos dicho, si necesitas inspiración ve a las distintas categorías de alimentos que te ofrecemos en Pequerecetas, allí encontrarás montones de ideas para tus comidas diarias.

Esperamos que os resulte de utilidad y os ayude a planificar mejor el poco tiempo libre del que solemos disponer…"
https://www.pequerecetas.com/receta/tarta-galletas-maria/,Tarta de galletas María,2010-09-16 08:27:47+02:00,"La tarta de galletas probablemente es una de las recetas de tartas más populares por su sencillez de preparación, pero esta tarta de galletas María sorprenderá a grandes y pequeños por su originalidad, por su facilidad y por su sabor…

Sin duda es perfecta como tarta de cumpleaños, pero también la podemos consumir cualquier día que queramos celebrar algo.

¿Os acordáis que hace poco os explicamos cómo preparar de manera artesanal las galletas María de toda la vida? Pues esta tarta le rinde un homenaje a las galletas de nuestra infancia.

Tarta de galletas María

Ingredientes:

Para las galletas:

250 g de mantequilla de buena calidad sin sal

180 g de azúcar glas

1 huevo

650 g de harina de repostería

1 cucharadita de levadura en polvo

1 sobre de azúcar de vainilla (8 g)

una pizca de sal

unas gotas de esencia de vainilla.

Para mojar las galletas:

150 ml de leche.

Crema de cacao:

2 sobres para flan de vainilla

600 ml de leche

6 cucharadas de cacao en polvo para hacer a la taza.

Crema de vainilla:

1 sobre de flan de vainilla

300 ml de leche

Decoración:

chocolate rallado.

Cómo hacer tarta de galletas María

Paso 1: Preparamos las galletas

En un bol ponemos la mantequilla que deberá estar a punto pomada y le incorporamos el azúcar glas y la esencia de vainilla. Batimos hasta que esté una crema homogénea. Le añadimos el huevo, la sal y mezclamos hasta que integre bien. Ponemos la esencia, mezclamos. Le vamos añadiendo poco a poco la harina con la levadura tamizada y formamos una bola. Tapamos con papel film la dejamos reposar un par de horas en la nevera.

Precalentamos el horno a 180º C. Cubrimos la bandeja del horno con papel vegetal.

Pesamos la masa y las dividimos en cuatro partes iguales.

Estiramos la masa, entre dos hojas de papel vegetal, dejándola de un grosor no más de 1 cm, con el aro del molde para tartas desmoldable, hacemos la galleta y la ponemos en la bandeja del horno. Con una esteca hacemos los dibujos típicos de la galleta María.

Horneamos durante 15 minutos, o hasta que esté dorada. Dejamos enfriar sobre una rejilla. Y la reservamos para la última capa de decoración.

Hacemos las tres galletas restantes del mismo modo y tamaño, pero no es necesario hacerles el dibujo puesto que no se van a ver.

Una vez las galletas estén frías, ponemos una en la base de un molde para tartas y la mojamos con 50 ml de leche.

Paso 2: Hacemos la crema de cacao

Un sobre de flan lo hacemos como indica en el envase, pero en lugar de 500 ml de leche, le ponemos 300 ml y 3 cucharas de cacao.

Cuando haya enfriado un poco y empiece a cuajar, lo vertemos encima de la 1º capa de galleta. Dejamos cuajar del todo en la nevera.

Ponemos una 2º capa de galleta encima de la crema de cacao y la mojamos con 50 ml de leche.

Paso 3: Hacemos la crema de vainilla

El sobre de flan con solo 300 ml de leche y lo vertemos sobre la galleta. Dejamos cuajar en la nevera.

Una vez cuajado ponemos encima la 3º capa de galleta y la mojamos con el resto de la leche (50 ml) y procedemos a hacer la crema de cacao de la misma manera que la anterior.

Una vez cuajado totalmente, desmoldamos en el plato de presentación y le ponemos encima la última galleta, la decorada con los dibujos de la galleta María.

Dejamos en la nevera por lo menos 12 horas y si son más, estará aún mejor.

Dejamos en la nevera por lo menos 12 horas y si son más, estará aún mejor. Rallamos chocolate y se lo ponemos encima.

Fuente e imágenes: El Zurrón de los Postres"
https://www.pequerecetas.com/receta/recetas-divertidas-cumpleanos/,Recetas divertidas para un cumpleaños,2010-09-14 01:41:33+02:00,"Esta receta tan divertida me ha gustado mucho porque da mucho juego a la hora de preparar una fiesta temática…

Imaginaos la cara de los niños cuando vean estos teepees indios preparados con cucuruchos de helado y rellenos de masa de cupcake. Sólo tendréis que ponerles unas plumas a los niños en la cabeza y ya tenéis una fiesta india, perfecta para un cumpleaños.

Y además son muy sencillos de preparar… ¡No os olvidéis enviarnos fotos cuando los preparéis!

Teepees indios

Para preparar estos teepes indios tenéis que seguir la receta que ya os explicamos para rellenar cucuruchos de helados con cupcakes, podéis encontrarla aquí.

En esta foto podéis ver la manera de sujetar los conos de helado para que no se caigan…

Una vez preparado el relleno cortáis ligeramente la parte más estrecha y mojáis con chocolate de cobertura ambos lados del cucurucho bañando con fideos de chocolate de colores la base. Le dais la vuelta y colocáis unos palitos de pretzel en la punta… ¡ya tenéis unos perfectos teepees indios!

Fuente: LilSugar

Imagen: seelensturm"
https://www.pequerecetas.com/menus-semanales-para-ninos/menu-infantil-cole/,Menú semanal infantil ¡comiendo equilibrado!,2010-09-13 07:07:32+02:00,"Si no me falla la memoria creo que esta semana hemos completado ya la vuelta al cole… algunos lo empezaron la semana pasada, y los últimos este lunes se han ido encantados (o llorando…) rumbo a clase.

Es el momento de empezar de nuevo con la organización (una palabra más agradable que «rutina») del día a día, y para ello desde Pequerecetas vamos a intentar ayudaros como siempre con los menús infantiles. Aunque en realidad la mayoría de los menús que os presentaremos son menús semanales familiares, porque nuestro objetivo será que haya un único menú familiar a partir de que el niño se integra en las comidas familiares.

Estos menús sin embargo sí son menús adaptados a los gustos infantiles, con comidas caseras y fáciles, buscando que las cenas sean rápidas y fáciles de elaborar, teniendo en cuenta el poco tiempo del que disponemos…

Como siempre os recordamos lo básico: Este menú infantil no es para seguirlo a rajatabla, sino como orientación para que lo adaptéis a cada niño y familia. Para ello contáis con nuestra plantilla de menú semanal que os podéis descargar gratis y que os permitirá adaptar cada menú a vuestros gustos.

Por otro lado las cantidades es importante que las adaptéis a la edad o el apetito del niño. Especialmente cuando son pequeños el apetito puede variar mucho de un niño a otro. Si tenéis un niño más pequeño, al que todavía no le han salido del todo los dientes, podéis orientaros mejor por el menú para niños de 1 año, donde las comidas están más adaptadas a sus dientecitos…

Si queréis imprimir el menú sólo tenéis que pinchar sobre él y podréis descargar el pdf. Las recetas que aparecen en el menú vienen detalladas abajo. Tan sólo tenéis que pinchar en cada una y os llevará a la receta correspondiente ¡Espero que os sea de utilidad!

Menú infantil: 3ª semana de septiembre

Lunes

Galletas María

Vichyssoise

Pastel de merluza

Bollos caseros Doo Wap

Patatas rellenas

Martes

Muffins de coco

Risotto con calabaza

Pollo al limón

Gelatina de frutas

Pizzotortillas caprichi

Ensalada de pasta

Miércoles

Lenguas de gato

Puré de calabacín

Flamenquines

Bizcocho de zanahoria

Bocaditos de rape y berenjenas

Jueves

Espaguetti con salsa de tomate casera

Huevos rellenos

Batido de plátano

Crepes de pollo y espinacas

Profiteroles

Viernes

Galletas de chocolate

Salmorejo

Carne con tomate

Ensalada de fruta

Palitos de frutas

Hamburguesa de garbanzos

Sábado

Mermelada casera

Souflé de coliflor

Rape rebozado

Arroz con leche

Helado casero

Barquillos

Ensalada César

Manzana asada

Domingo

Galletas de M&M’s

Fideuá

Crema Catalana

Piruletas de plátano y chocolate

Hummus"
https://www.pequerecetas.com/receta/muffins-coco/,Muffins o magdalenas de coco,2010-09-09 00:18:46+02:00,"Estos muffins de coco os sorprenderán por su sabor. Si aprovecháis la ocasión para cocinar con los niños, ellos disfrutarán preparando su próximo desayuno o merienda infantil….

Ya os hemos explicado en otra ocasión la diferencia entre magdalenas, muffins y los cupcakes… Los muffins no son tan dulces como las magdalenas o los cupcakes, tienen menos cantidad de azúcar.

También se caracterizan porque la masa hay que batirla lo mínimo para incorporar la mínima cantidad de aire, obteniendo así una miga más compacta, con pocos agujeritos, pero que igualmente resulta esponjosa, y jugosa.

¿Estáis preparados para degustar estos muffins de coco? Ya nos contaréis el resultado.

Receta de muffins de coco

Ingredientes

150 g mantequilla

3/4 taza Azúcar

4 Huevos

1 cdita Esencia de vainilla

80 cc Leche

3 tazas Harina

2 cditas de levadura o polvo para Hornear

80 g Coco rallado

Cómo hacer muffins de coco

Batir la mantequilla blanda junto con el azúcar hasta formar una crema blanquecina.

Incorporar los huevos uno a uno, batiendo bien tras cada adición.

Dar sabor con la esencia de vainilla y mezclar.

Agregar, en forma alternada, la leche y la harina con la levadura.

Agregar, en forma alternada, la leche y la harina con la levadura. Por último, añadir el coco, previamente tostado.

Colocar la preparación en moldes de muffins y llenar hasta ¾ de su capacidad.

Espolvorear la superficie de los muffins con el resto del coco, sin tostar.

Cocinar en horno precalentado a 180º C durante 30 minutos aproximadamente.

Retirar, dejar enfriar.

Imagen: yomi955"
https://www.pequerecetas.com/receta/pastel-gelatina-frutas/,Tarta de gelatina con frutas,2010-09-07 00:19:13+02:00,"¿Habéis probado alguna vez a darle a vuestros hijos gelatina con frutas? Realmente disfrutan con su textura, que les parece algo mágico y divertido. En esta ocasión os traemos una tarta de gelatina de frutas, realizado con agar-agar, que es la gelatina de las gelatinas, ¿queréis conocerlo un poco más?

El agar-agar proviene de un alga. En cuanto a sus propiedades es muy nutritiva y ayuda a eliminar residuos del estómago e intestino por lo que regula el estreñimiento.

Este alga tiene su origen en los mares del sur de África. Es incoloro, insípido y absorbe agua en cantidades de 200 y 300 veces su peso, formando una gelatina. También hay un producto comercial denominado «agar-agar». Se utiliza entre otras cosas como estabilizador de algunos alimentos y para la realización de gelatinas.

Su poder gelificante es su gran baza pues, con muy poco polvo de gelatina en una proporción de agua abundante, da lugar a una gelatina muy dura y compacta; en caliente gelifica, a diferencia de la gelatina de colas de pescado que tiene que estar completamente fría para que cuaje.

También cabe destacar que gelifica zumos y batidos de frutas, incluso frutas exóticas (como la piña) y que la gelatina normal no puede gelificar por la acidez de estos zumos. El agar-agar lo podéis localizar en herbolarios y tiendas especializadas.

No dejéis de utilizar el agar-agar en vuestras recetas con gelatina, porque es muy recomendable para la alimentación infantil.

¿Preparados para preparar este delicioso postre de gelatina? Vuestros hijos se chuparán los dedos.

Receta de tarta de gelatina con frutas

Ingredientes:

Las frutas de tu elección

4 tazas de agua (o puedes usar zumo, por ejemplo de manzana)

Miel (al gusto)

2 cucharaditas de agar agar en polvo (puedes comprar aquí)

Cómo hacer tarta de gelatina con frutas

Preparamos la mezcla con gelatina agar-agar

Poned el agua con el polvo de agar agar y la miel a hervir.

Primera capa de la tarta de gelatina

Echad una capa delgada de líquido del paso anterior a un contenedor de vuestra elección antes de acomodar la primera capa de la fruta (en este caso las fresas)

Segunda capa de frutas con gelatina

Una vez que se agrega la primera capa de frutas, echad una capa del líquido agar agar en la parte superior y dejad que repose durante unos 2-3 minutos antes de poner en otra capa la segunda fruta de vuestra elección.

Cómo tomar el pastel de gelatina con frutas

Cuando hayáis acabado con las capas, colocad el recipiente en el frigorífico alrededor de 2 horas. Pasado este tiempo sacar y desmoldar… ¡Ya solo queda disfrutar de esta tarta de gelatina con frutas!

Más recetas con gelatina

Si quieres probar otras recetas con gelatina te recomendamos probar la gelatina de leche y fruta, un postre vistoso y muy fácil de hacer. También deliciosa la gelatina de naranja casera, las galletas de gelatina, o las gominolas caseras hechas con gelatina.

Fuente: Green cilantro"
https://www.pequerecetas.com/receta/patatas-rellenas/,Patatas rellenas,2010-09-02 01:31:04+02:00,"Las patatas rellenas son una perfecta cena rápida y deliciosa para grandes y pequeños. En este caso traemos patatas rellenas de queso azul, pero aunque no seáis fans de este queso no dejéis de leer la receta, porque os aseguro que le da tan solo un suave toque que…… mmmm… mejor probadlo y nos contáis qué tal estas patatas asadas…

Patatas rellenas

Ingredientes:

4 patatas medianas para hornear

½ taza de crema agria

¼ de taza de queso azul desmenuzado

¼ taza de leche

4 cucharadas de mantequilla de verdad

¾ cucharadita de sal

Pizca de pimienta

½ cucharadita de ajo en polvo

8 lonchas de bacon, frito crujiente y desmenuzado

Queso cheddar rallado

Preparación:

1. Precaliente el horno a 180ºC. Lavar y secar las patatas. Frotar ligeramente con un poco de manteca o aceite vegetal (ayuda a la piel crujiente) y colocar directamente sobre la rejilla del horno o una bandeja para hornear galletas. Hornear durante una hora o hasta que las veáis hechas.

2. Retirar las patatas y dejar enfriar un poco. Cortar una abertura en la parte superior y vaciar cada patata, o cortar cada patata por la mitad para hacer 8 porciones.

3. Sacar el interior y colocar en un tazón. Aplastar, y añadir la mantequilla, crema agria, queso azul, leche, sal, pimienta y ajo. Batir con una batidora manual hasta que quede esponjosa. Con cuidado, echar la mezcla de nuevo en las cáscaras de patata. Colocar en un molde refractario.

Si no encontráis la crema agria la podéis preparar vosotros mismos en casa de la siguiente manera:

200 g de nata o crema de leche, el zumo de medio limón, 50 gramos de cebollino, sal y pimienta al gusto.

Pon todos los ingredientes en un bol, excepto el cebollino y mezcla con las barillas. Deja reposar y después incorpora el cebollino. Ya está listo para aderezar el plato que desees.

Volver al horno caliente y hornear las patatas durante 12-15 minutos.

4. Retirar y espolvorear el tocino y queso cheddar, sobre cada patata. Hornear otros 3-5 minutos o hasta que el queso se derrita y se formen burbujas.

Cuando vuestros hijos prueben estas patatas rellenas sólo querrán besaros mientras os piden otra ración…

Fuente: Our best bites"
https://www.pequerecetas.com/receta/tarta-cumpleanos-roedores/,Tarta de cumpleaños: «Malditos Roedores»,2010-09-01 08:58:49+02:00,"Preparar tartas de cumpleaños es algo que en algún momento todos los padres nos planteamos cuando se acerca el cumple de los niños… Ilusionados pensamos en la que más les podría gustar, empezamos a preguntarnos cómo se harán esas tartas que vemos algunas veces hechas con fondant de nubes o crema pastelera… y al final no nos animamos porque no lo vemos claro.

Desde Pequerecetas os queremos apoyar para que preparéis la próxima tarta de cumpleaños de vuestro hijo, porque si bien es cierto que hay maravillosos profesionales pasteleros, también es verdad que preparar una tarta hecha con nuestras manos es una experiencia que os llenará de satisfacción…

Esta receta se la tenemos que agradecer a María, quien en su blog prepara unas tartas absolutamente «provocativas»… ¡No os la perdáis!

Tarta «Malditos Roedores»

Ingredientes:

1 bizcocho de chocolate nivelado y relleno al gusto

Para el fondant de nubes:

200 g de nubes blancas

400 g de azúcar glass (comprada, no vale la molida con Thermomix)

1 cucharada de agua

Para los ratones de mazapán:

100 g de almendras molidas

100 g de azúcar glass

1/2 clara de huevo

Fideos de chocolate

Ralladura de 1 limón (o aroma)

Colorantes marrón y negro

Preparación:

Para el fondant de nubes:

Se ponen en un bol las nubes, se salpican con unas gotas de agua y se remueven, para humedecerlas y facilitar que se fundan.

Se meten en el microondas, a potencia media, y se programa 2 minutos, parando cada 30 segundos para removerlas. Ojo, porque cada microondas es un mundo. En cuanto estén fundidas, estarán listas.

Se forma un volcán con el azúcar glass, tamizada, y se vierte en el cráter del volcán las nubes fundidas.

Se amasa la mezcla hasta conseguir una masa suave y elástica, con las manos bien engrasadas con manteca de cerdo.

Se extiende con un rodillo (con cuidado de tener siempre la superficie de la mesa espolvoreada con azúcar glass tamizada), se le hacen agujeritos con un cortapastas o una taza de café invertida, y se coloca sobre el bizcocho.

Para los ratones de mazapán:

Se mezcla la almendra molida con el azúcar glass y la ralladura de limón. (En Thermomix, 15 segundos en vel. 6).

Se va añadiendo clara de huevo, muy poco a poco, mientras se va amasando, hasta conseguir una pasta suave y homogénea. (En Thermomix, 20 segundos en vel. 6).

Se divide la masa en tres partes, una grande, otra mediana y otra pequeña. La parte mediana se colorea con colorante marrón. La parte pequeña, con colorante negro. Si no tenéis colorantes, también podéis usar un poco de cacao en polvo para darle color.

Se cogen porciones de masa sin colorear y se van haciendo bolas con forma de pera para el cuerpo. Con la masa marrón se hacen bolitas medianas. Éstas, aplastandolas serán las orejas, y estirándolas serán las colas. Y con la masa negra se hacen bolitas pequeñas, para los ojos y la nariz.. Se pegan las orejas, las colas, los ojos y la nariz a los cuerpos presionando un poco.

Para hacer los bigotes, se hincan en la masa unos fideos de de chocolate.

Finalmente, se colocan los ratones sobre la tarta.

Nota: Si queréis que la tarta quede mejor, antes de colocar el fondant de nubes, podéis cubrir el bizcocho con mazapán de color chocolate. Así los agujeritos se verán lisos.

Fuente: Tartas provocativas"
https://www.pequerecetas.com/receta/batido-de-platano-con-chocolate/,Batido de plátano con chocolate (una receta golosa),2010-08-25 00:37:00+02:00,"Este batido de plátano con chocolate te abre el apetito con sólo oír su nombre y seguro que a los niños les apasionará.

Los batidos de frutas son una refrescante alternativa de merienda infantil veraniega y una estupenda forma de que consuman lácteos y frutas. Y aunque un poco calóricos, mientras no se abuse de ellos no tienen por qué representar ningún problema, ya que resultan altamente nutritivos.

Batido de plátano y chocolate

Ingredientes

200 g de plátanos pelados

50 g de azúcar

½ l de leche

½ l de helado de vainilla

400 g de cobertura de chocolate negro

Virutas de chocolate

Cómo hacer batido de plátano y chocolate

Pelamos los plátanos y junto con la leche y el azúcar, lo trituramos en nuestra batidora de vaso o un vaso alto de batidora de mano hasta formar una crema.

o un vaso alto de batidora de mano hasta formar una crema. A continuación añadimos el helado de vainilla y seguimos triturando hasta formar una crema homogénea y fría.

Mezclamos con las virutas de chocolate y decoramos con frutos rojos.

Cómo servir el batido de plátano y chocolate

A nosotros nos gusta acompañar este batido de plátano con trocitos de frutas frescas y unas hojitas de menta, pero también podéis añadir frutos secos, chocolate rallado, avena en copos, o vuestro topping favorito.

Si te ha gustado este batido prueba también el batido de Oreo, y el batido de chocolate, una tentación para tu paladar. No te pierdas tampoco nuestras recetas de smoothies y batidos de fruta saludables, entre los que vas a encontrar batido de fresa y plátano, batido de melón, mango lassi, y muchas otras recetas."
https://www.pequerecetas.com/alimentacion/infantil/dieta-infantil/,La dieta infantil,2010-08-23 02:25:00+02:00,"¿Cómo debe ser una dieta infantil equilibrada? En este vídeo nos dan una serie de consejos sobre la dieta infantil. Qué deben comer nuestros hijos y que es conveniente evitar. Hay que tener siempre presente la Dieta Mediterránea. Olvídate de la bollería industrial y vuelve a darle esos deliciosos bocadillos que tomábamos de pequeños.

Respecto a la introducción de nuevos alimentos y sabores, debes intentar darle el alimento a probar varias veces (no desistas la primera vez que lo rechaza). En un programa de la BBC realizaron varios experimentos con la introducción de sabores y alimentos que el niño rechazaba de plano.

En uno de ellos, se insistía al niño (sin obligarle nunca) para que probase una pequeña cantidad del alimento que rechazaba durante un número de veces (un mínimo de 10), y finalmente el niño aceptaba el alimento, puede que no resultara ser nunca su favorito pero lo comía…

No os perdáis este vídeo donde se ofrecen una serie de recomendaciones muy útiles sobre la dieta infantil más saludable"
https://www.pequerecetas.com/receta/nuggets-pollo/,Nuggets de pollo caseros (fáciles y crujientes),2010-08-20 08:32:00+02:00,"Sin ninguna duda vuestros hijos habrán probado los nuggets de pollo en algún restaurante de comida rápida, seguro que les han gustado, pero hoy vamos a aprender a preparar unos nuggets de pollo caseros que noquearán a cualquier otro tipo de receta que hayan probado antes ¿os animáis?…

El pollo es una de las carnes favoritas de los niños por su suave sabor, y una de las carnes más ricas y apreciadas por los padres, ya que resulta sana, equilibrada y económica.

Pero no todas las partes del pollo son iguales, dependiendo de la pieza del pollo existen diferencias nutricionales. La pechuga sin piel es la menos grasa, con menos del 1% en peso, y la parte del animal con menos colesterol. De ahí que sean las pechugas de pollo las ideales para hacer esta receta de nuggets de pollo.

Receta de nuggets de pollo

Ingredientes

2 pechugas de pollo enteras y limpias

2 rebanadas de pan de molde

2 cucharadas soperas de queso cremoso de untar

1 taza de leche

sal y pimienta

Para rebozar: 2 huevos, harina y pan rallado

Cómo hacer nuggets de pollo caseros

Quitamos la corteza del pan de molde y ponemos a remojar en la leche.

Troceamos la pechuga, salpimentamos e introducimos en la picadora, junto al queso crema y el pan escurrido de la leche, y picamos hasta que quede una masa compacta.

Con una cuchara cogemos pequeñas bolitas que pasamos primero por harina y luego por huevo y pan rallado, dándoles la forma que más nos guste, y freímos.

Una vez fritas recordad pasarlas por papel absorbente para quitarles el exceso de grasa.

¡Ya solo queda disfrutar de vuestros nuggets de pollo! Y recordad que también podéis preparar unos nuggets de pollo en Thermomix.

Nuggets de pollo al horno

Si prefieres hacer los nuggets de pollo al horno te dejamos la receta de unos nuggets en forma de piruleta.

Cómo acompañar los nuggets caseros

Estos nuggets con pollo son una receta perfecta y fácil para la cena. Como acompañamiento podéis poner las clásicas patatas fritas, o un puré de patatas casero. Y no olvidéis acompañarlos con una salsa como ketchup, o una mayonesa casera.

Si te gustan los nuggets caseros prueba también los nuggets de verdura, y los nuggets de pescado."
https://www.pequerecetas.com/alimentacion/infantil/inapetencia-infantil/,Inapetencia infantil,2010-08-16 08:35:00+02:00,"La inapetencia infantil es uno de los motivos de mayor preocupación de padres y madres. En la mayoría de los casos no es sinónimo de enfermedad y la situación revierte fácilmente.

Aproximadamente el 10-25 % de los niños entre dos y cinco años son llevados a la consulta de pediatría con la queja de que el niño no come nada, y cuando lo hace lo es con desgana y protestas, y además parece que no crece lo suficiente.

Una historia clínica y dietética detallada y una exploración física completa permiten descartar enfermedades agudas o crónicas. En ese caso, la familia debe ser tranquilizada e informada respecto al normal crecimiento y desarrollo del niño a esta edad.

La mayor parte de los niños que rechazan comer tienen un apetito apropiado para su edad y su ritmo de crecimiento. A pesar de que la ingesta de alimentos varía de un día a otro y puede parecer que ellos no comen durante largos periodos de tiempo, su crecimiento y desarrollo es normal.

Muy frecuentemente, la razón por la cual los padres fuerzan a comer a sus hijos es porque ellos desconocen o no entienden la disminución fisiológica del apetito que se da después del primer año de edad. Durante estas edades, la mayor parte de los niños ganan entre 2-3 kilos por año. Este ritmo de crecimiento es solo el 20-30 % del que tienen durante su primer año de vida. Como consecuencia, a esta edad los niños tienen menores requerimientos nutritivos y menor apetito totalmente fisiológico.

Los niños están más interesados por el mundo que los rodea que por los alimentos. Forzándoles a comer un determinado alimento podemos conseguir que los rehuse todos, y puede quedar condicionado a rechazar la comida, ya que para él, el acto de comer se convierte en algo incómodo y poco placentero.

El rechazo a la alimentación también puede ser el resultado de una técnica de alimentación inapropiada: castigos, súplicas y sobornos.

Para los niños pequeños la familia es el modelo ideal para el desarrollo de las preferencias y de los hábitos alimentarios. Si un miembro de la familia rechaza comer un determinado alimento, el niño imita su comportamiento.

Es necesario diferenciar la inapetencia reciente de la habitual. La inapetencia reciente es la que aparece cuando el niño sufre una enfermedad aguda, y lo más probable es que ésta desaparezca cuando resuelve la enfermedad. La inapetencia habitual es la que se prolonga en el tiempo y puede ser falsa o verdadera.

La falsa inapetencia, debemos sospecharla cuando el niño come muchas golosinas, toma zumos todo el día, toma abundante cantidad de leche, come a deshora, come dulces antes de las comidas y no acepta determinados alimentos, por ejemplo verduras.

En cambio la verdadera inapetencia es aquella que frecuentemente se presenta en un niño con un peso por debajo del normal para su edad, sin energías o desganado. Esta situación, suele ser generalmente sinónimo de enfermedad, y el médico es el encargado de realizar el diagnóstico y comenzar el tratamiento lo antes posible para que el niño pueda reiniciar una alimentación adecuada y recuperar su peso.

Fuente: trabajoyalimentacion

Imagen: Spigoo"
https://www.pequerecetas.com/receta/pure-calabacin/,Puré de Calabacín,2010-08-13 01:26:00+02:00,"El puré de calabacín es uno de los más apreciados por el paladar infantil. Su suave sabor lo convierte en uno de los favoritos de los niños entre los purés de verduras.

Los purés y cremas son una forma estupenda de que los niños coman verduras casi sin darse cuenta, por lo que deberían ser introducidos de forma habitual en los menús infantiles.

El calabacín es un alimento fácil de digerir y con un ligero efecto laxante, por lo que resulta adecuado para todas las edades e ideal para fomentar el consumo de verduras entre los niños.

Puré de calabacín

Ingredientes para el puré de calabacín

400 gramos de calabacines.

200 gramos de patatas.

1 puerro.

1 cebolla.

1 diente de ajo

1 zanahoria.

Aceite de oliva.

Cómo se elabora el puré de calabacín

Cortamos la cebolla cortada en tiras finas y la sofreímos en una cazuela con un poco de aceite de oliva y el diente de ajo pelado.

Cuando esté dorada la cebolla añadimos el calabacín pelado y cortado en rodajas, la zanahoria y las patatas también peladas y cortadas en rodajas. Sofreímos ligeramente con la cebolla y cubrimos de agua con una pizca de sal.

Cuando esté cocida la patata y el calabacín -unos 40 minutos en hervor suave y continuado-, trituramos con la batidora o por el pasapurés. Volvemos a la cazuela y calentamos para poner el punto de sal (en caso de bebés, evitar su uso), antes de servir añadimos 1 cucharada de aceite de oliva virgen extra y removemos para que el puré se impregne del sabor y aroma del aceite.

Imagen: Pequerecetas"
https://www.pequerecetas.com/alimentacion/infantil/alimentacion-bebes/,Alimentación de bebés. Cómo introducir los purés.,2010-08-11 08:20:00+02:00,"Habitualmente la alimentación de los bebés es un quebradero de cabeza para los padres, porque, independientemente de la información que hayamos recibido de pediatras, madres o amigas, siempre tenemos dudas al respecto, ya que nunca suelen coincidir… y es que hay muchísimas discrepancias en este punto, especialmente en lo que se refiere a determinados alimentos y su posibilidad de generar reacciones alérgicas. Incluso entre los principales referentes en cuanto a salud pediátrica (AEPED, ESPGHAN, la OMS…) suele haber poco consenso al respecto…

Por ello, el primer punto importante cuando empezamos con los purés de los bebés, es ir introduciendo los alimentos de uno en uno siempre, dejando varios días entre la introducción de uno y otro para poder observar si existen reacciones de cualquier tipo que deberías comunicar enseguida a tu pediatra.

Ésta que os vamos a explicar es una posible pauta, aunque no es la única, pero sí os puede servir de orientación a la hora de ir introduciendo los diferentes alimentos. No obstante sí os recomendamos que recurráis a nuestra tabla de introducción de alimentos, donde podréis ver con más claridad los diferentes alimentos uno a uno. También os pueden resultar útiles la recopilación de purés para bebés y el artículo sobre cómo organizar el menú semanal de los bebés.

Lactancia exclusiva hasta los seis meses

Nuestra primera recomendación es que hasta los seis meses si tenéis posibilidad le deis lactancia materna exclusiva y a demanda tal como recomienda la OMS. En caso de que no podáis por la razón que sea, en el mercado existen leches artificiales muy completas que vuestro pediatra os puede recomendar.

A partir de los seis meses la lactancia se debe complementar con diferentes alimentos sin abandonarla, es decir, la lactancia, bien sea materna o artificial, debe seguir siendo la base de la alimentación de todos los niños.

Introducción de la papilla de frutas

A los seis meses habitualmente se hace una papilla con el zumo de una naranja y una manzana y se da con cuchara siempre. No uséis el bibe para que no salgan caries con la fruta en niños que aún no les han salido las piezas dentarias.

Respecto a la naranja hay diferentes opiniones en torno a su posibilidad de producir alergias, ya que hay profesionales de la salud que la recomiendan a partir de los seis meses y otros la retrasan a los doce. Si tenéis dudas podéis sustituirla por pera, plátano y manzana.

Un par de días más tarde se cambia la manzana por pera, y dos días después la pera por plátano, y sólo se mantiene con esas frutas hasta que te diga el pediatra.

Os puede resultar de utilidad estas recetas de 7 papillas de frutas.

Nunca se dan fresas, kiwi, melocotón o albaricoque, ya que son muy alergénicos.

Introducción de los purés de verduras

A los seis meses también se inician los purés al mediodía.

Se empieza por patata y zanahoria, en dos días se introduce el calabacín, y dos días más tarde se sustituye por la calabaza, y ésta a su vez por la judía verde dos días después, y así con el puerro, con lo que al principio siempre existe una base de patata y zanahoria.

El nabo, la remolacha, espinacas, col y espárragos tienen gran cantidad de nitratos, por lo que se recomiendan a partir de los 12 meses.

Cómo introducir la carne

A la semana de haber empezado las verduras, se le añade al puré unos 70 g. de pollo, y la semana siguiente se alterna el pollo con ternera y la siguiente con cordero, y con ésto ya tenemos las verduras y las carnes introducidas al mediodía, en la comida.

La ternera a veces se retrasa hasta los 10-12 meses ya que tiene una más difícil digestión.

Otras carnes que se pueden introducir a partir de los 6 meses son el pavo, el conejo e incluso el cerdo, cuidando que sea solomillo que es una carne más jugosa y sin nervios.

Introducción de los cereales

Los cereales sin gluten se recomiendan a partir de los 6 meses. Estos cereales son el arroz, el maíz, la quinoa, amaranto y mijo.

Sobre la introducción de los cereales con gluten también hay grandes discrepancias, ya que diferentes estudios han demostrado que su introducción poco a poco a partir del sexto o séptimo mes reduciría la posibilidad de desarrollar intolerancia al gluten.

Introducción del pescado

El pescado se introduce a los doce meses, empezando por los pescados blancos: lenguado, merluza, pescadilla… Los pescados azules es mejor esperar hasta los 18 meses, y en caso de antecedentes de alergias familiares el pescado debe ser retrasado hasta los 3 años.

Introducción del huevo

A los 12 meses la yema de huevo, cocida y metiendo un cuarto por semana, hasta las 4 semanas la yema entera dos veces por semana. La clara un mes más tarde.

Introducción de las legumbres

Las legumbres se pueden introducir a partir de los 6 meses, empezando tal como os comentábamos por las judías verdes. También se pueden utilizar legumbres sin piel, como las lentejas rojas, que resultan más suaves y menos flatulentas.

Esta es la pauta más frecuente pero no la única, por lo que es recomendable seguir las pautas que te indique tu pediatra. Por otro lado tal como os hemos indicado en otras ocasiones es importante evitar la sal y el azúcar para evitar que se acostumbren a esos sabores, evitando problemas de salud en el futuro.

Otros alimentos como la miel deben ser evitados hasta los 3 años por la posibilidad de producir botulismo, y los frutos secos hay que evitarlos hasta los 4-5 años por la posiblidad de atragantamiento.

Tal como os decíamos, os recomendamos imprimir nuestra tabla de introducción de alimentos y colgarla en un lugar visible para que os pueda servir de guía.

Imagen: benklocek"
https://www.pequerecetas.com/concursos-y-sorteos/ganadora-sorteo-wawita/,La ganadora del sorteo de Wawita…,2010-08-02 00:26:12+02:00,"Anoche finalizó el sorteo de Wawita, y la ganadora ha sido Lucía G. con el comentario nº 236 ¡Enhorabuena Lucía!

Y muchas gracias a todos los que habéis participado, en septiembre volveremos con más sorteos y muchas sorpresas ¡Feliz verano!"
https://www.pequerecetas.com/general/cuisine-paradiso-tienda-marbella/,Cuisine Paradiso abre tienda en Marbella,2010-07-31 18:08:55+02:00,"En otras ocasiones os hemos hablado de Cuisine Paradiso, uno de los patrocinadores de Pequerecetas. Cuisine Paradiso, fiel a su nombre, es un paraíso para los amantes de la cocina, y desde su tienda online podéis adquirir casi cualquier cosa que se os pueda ocurrir en lo referente a utensilios de cocina.

La noticia es que ahora también abren tienda física en Marbella, para que podáis ver y tocar personalmente todos esos utensilios que nos encantan y tanto nos ayudan a cocinar. Por eso, si vais a veranear por Marbella no dejéis de visitar la nueva tienda que abre Cuisine Paradiso en la calle Huerta Chica Nº1 de Marbella ¡Estamos seguros que os encantará!

Cuisine Paradiso

C/Huerta Chica nº1 Local 2

Marbella (Málaga)"
https://www.pequerecetas.com/receta/cupcakes-margarita/,"Cupcakes Margarita, ¡brindamos por el verano!…",2010-07-30 09:54:52+02:00,"Llega agosto, y unos se van encantados porque empiezan días de descanso, y otros vuelven relajados de sus vacaciones ya disfrutadas… Sea como sea, ¡el verano sigue!… y lo queremos celebrar con una receta de cupcakes que nos traen desde Kukis. Nos avisan de que son muy peligrosos, así que mantened a los niños alejados de ellos, porque esta vez la receta sólo es apta para los padres que también nos lo merecemos…

Por eso, hasta que llegue septiembre y empecemos otra vez con el cole, trabajo, cenas y demás… ¡vamos a brindar!

¡Feliz Verano 2010 para todos!…

Cupcakes Margarita

Ingredientes para las bases:

3 vasos de chupito de Margarita mix (Tequila y Grand Marnier).

250 g de harina.

200 g de azúcar

1 sobre de levadura.

1 yogurt de limón

40 ml de aceite de oliva

70 g de mantequilla derretida.

2 huevos.

Ralladura de 1 limón

Bases para cupcakes

Ingredientes para el icing.

80 g de mantequilla derretida

125 g de queso crema (philadelfia)

zumo de media lima.

3 vasos de chupito de Margarita mix (tequila y Grand Marnier).

Para decorar:

100 g de azúcar glass.

1 lima para decorar.

Para hacer las bases:

Precalentar horno a 180º. Batir las claras con el azúcar y el limón de 2 a 3 minutos. Añadir el resto de los ingredientes y batir.

Rellenar las bases de cupcakes hasta la mitad.

Hornear 20 minutos a 180ºC aprox. (hasta que esté dorado por encima)

Para hacer el «icing»

Batir el queso con la mantequilla y añadir muy despacio el limón y luego el mix de margarita. Con mucho cuidado y paciencia porque el queso puede cortarse…

Una vez que esté bien batido (debe quedar una textura tipo crema), haz un cucurucho con papel de cocina, coloca dentro la crema y aplica sobre los cupcakes como si lo hicieras con una manga pastelera.

Para decorar:

Coloca una rodaja de lima y espolvorea el azúcar glas sobre los cupcakes.

Aquí se ha colocado una flor de azúcar para decorar, puedes hacer lo mismo, o colocar una flor de gominola.

Fuente: Kukis"
